elements__tags__name,elements__lat,elements__lon
New Playwrights Theatre,38.9101115,-77.039977
Folger Theatre,38.8894492,-77.0023852
Horizons Theatre,38.903758,-77.062453
Departmental Auditorium,38.8926119,-77.0299767
Fort Dupont Summer Theater,38.8810253,-76.9568065
Atlas Performing Arts Center,38.9000102,-76.9874009
Senator Theater,38.8945,-76.9499
Ira Aldridge Theatre,38.9241667,-77.0211111
Cramton Auditorium,38.9244444,-77.0211111
McNeir Auditorium,38.9075028,-77.0741338
Elstad Auditorium,38.9051508,-76.9932867
Shakespeare Theatre Company - Lansburgh Theater,38.8957339,-77.0221317
Chevy Chase Theater,38.9637217,-77.0749778
Tivoli Theatre,38.9306003,-77.0324496
National Theatre,38.8963541,-77.0304994
Warner Theatre,38.8965108,-77.0293531
Andrew W Mellon Auditorium,38.8926119,-77.0296989
Gala Hispanic Theater,38.9309279,-77.0324431
Heights Playhouse,39.0262205,-77.1630351
Roundhouse Theater Company,39.05622,-77.0788671
Gibson Center and Tawes Theatre,39.2175,-76.0697222
Avrum Gudelsky Memorial Auditorium,39.0458333,-76.8502778
Mechanic Theater (Historic),39.2890382,-76.6160479
Merrick Lecture Hall,39.4091071,-76.5955759
Kraushaar Auditorium,39.4088487,-76.5956595
Coal Miners Memorial Theater,36.96403,-82.95189
Lakewood Music And Dance Center,36.8895525,-76.2641089
Studio Theatre,36.7736111,-81.8291667
Harris Theatre,38.831021,-77.3086304
James D Francis Auditorium,38.1513889,-79.0691667
Kimball Theatre,37.2707022,-76.7066237
King Memorial Auditorium and Gymnasium,38.152076,-79.0716959
Culbreth and Helms Theatre,38.0399346,-78.5044745
Thoresen Theatre,37.4375858,-79.1707755
Morris and Dorothy Haskins Ariel Theatre,38.8085602,-82.2046386
Bethesda Theatre,38.9872748,-77.0945738
Montgomery College Performing Arts Center,38.9870259,-77.0262729
Imagination Stage,38.9896779,-77.0994567
Round House Theatre,38.9851278,-77.0924343
Jiffy Lube Live,38.7854145,-77.5902378
Earl Hamner Theater,37.9233902,-78.8425056
Rosslyn Spectrum,38.8950706,-77.0691333
Maison Francaise,38.9136613,-77.0779419
Avalon Theatre,38.9652866,-77.0761285
Woolly Mammoth Theatre Company,38.8949849,-77.0215312
Studio Theater,38.9098424,-77.0314599
Lincoln Theatre,38.9172457,-77.0289788
Letelier Theater,38.906235,-77.063713
Fred And Anita Scott Amphitheater,38.8293415,-77.6703639
Brown's Isle Amphitheater,37.5338839,-77.4411725
Gatehouse Stage,39.0024971,-76.585612
AFI Silver Theatre and Cultural Center,38.9965784,-77.0274206
Mall Theater,38.1245022,-79.0624211
Parthenon Concert Hall,39.0067349,-77.1835556
Mead Theatre Lab,38.8980494,-77.024906
Upton Hill Regional Park Amphitheatre,38.8709443,-77.142336
Sun Music Hall,36.9098059,-80.3199237
,39.0963774,-76.7381782
Lawn Theater,39.1669758,-77.2064199
Bowie Center for the Performing Arts,38.9779629,-76.7424236
Shakspeare Theatre Company - Sydney Harmon Hall,38.8971394,-77.0204359
Alden Theatre,38.9408471,-77.1839733
Dallas L Peck Memorial Auditorium,38.9476208,-77.3678558
Amphitheater,39.2566029,-77.2873901
Colony Theatre,38.808423,-82.2048333
Appomattox Courthouse Theatre,37.3555315,-78.8297705
Concert Pavilion,39.1403019,-77.1934408
Keith Albee,38.4208538,-82.442896
Paramount Arts Center,38.4801042,-82.6428993
Barter Theatre Stage II,36.7104499,-81.9735923
Armstrong Concert Hall,39.1668863,-78.158206
,37.9182466,-79.0096884
Carter Barron Amphitheatre,38.9502918,-77.0417345
PEPCO Community Stage,39.1450158,-77.2077411
,38.7648362,-77.3051582
Shenanigans Theatre,37.2356893,-76.6489504
Staunton Performing Arts Center,38.1497594,-79.0708948
Court Square Theater,38.449992,-78.8701892
Old Brick Playhouse,38.9257618,-79.8496511
American Mountain Theatre,38.925856,-79.851801
Poor Farm Amphitheater,37.781591,-77.5433317
The Jefferson Theatre,38.0305939,-78.4812538
Harborplace Amphetheatre,39.2858577,-76.6118743
Peak View Stage,38.5957152,-78.3810405
Amphitheater,38.5901656,-78.3840499
Amphitheatre,38.9638727,-77.7341754
Park Avenue Theatre,36.934128,-82.6289254
HATtheatre,37.5994417,-77.6233004
Colonial Theatre,36.7247209,-78.1301129
NextStop Theatre,38.9563566,-77.375205
Reston Community Players at RCC Center Stage,38.9366436,-77.3608085
Walker Theatre,38.3479828,-81.628811
Main Gate Movies,36.9412031,-76.3072386
Ampitheatre,37.2280387,-76.7905269
Dojo Comedy Club,38.9331082,-77.0236143
Live Arts Theatre,38.0299349,-78.4811773
Reston Community Players - Rehearsal Hall,38.9568691,-77.3736223
The Garage,38.0319734,-78.481041
Childrens Theater,39.0286301,-76.4296355
Actors Guild,39.2672554,-81.5573997
CBN News,38.9058389,-77.0443547
,36.9180742,-76.0543489
Wolfbane Performing Arts Center,37.322466,-78.857996
Amphitheatre,38.9358459,-80.8337016
Concert Hall,39.0318962,-77.1029647
Dorothy M. and Maurice C. Shapiro Music Room,39.0313941,-77.1044319
Drafthouse Comedy,38.9039224,-77.0300911
Lively Amphitheater,37.9730644,-81.1484314
,39.4176839,-76.5462949
Mercury Theater,39.3105426,-76.6163878
Craighill S Burks Theater,38.9237132,-77.1861414
The Estates at Horsepen Amphitheater,37.5970116,-77.5195406
Opera On The James,37.4163146,-79.1438351
,39.0208203,-77.01158
,38.0859558,-78.1402817
End Station Theatre Company,37.4139497,-79.1390938
Funny Bones Comedy Club,36.8424823,-76.1345999
The Anthem,38.880024,-77.0260142
Synetic Theater,38.856916,-77.0512468
Union Stage,38.8787165,-77.0240633
Klein Theatre,38.3049984,-77.4773926
Stone Ridge Amphitheater,38.9368814,-77.5477236
Amphitheater,36.8914669,-76.4430344
Southwood Stage,39.2394231,-81.5509916
Vern Riffe Center for the Arts,38.7318929,-82.9942101
Greenberg Theatre,38.9435748,-77.0776239
Wilson Hall,38.4380015,-78.8731188
,37.6284803,-78.8168675
,38.9050272,-78.2081106
Beacon Theatre,37.3049373,-77.2872528
Benjack Studio Theater,36.8507226,-76.2902509
Greenbelt Arts Center,39.001763,-76.8764716
Huntington Dance Theatre,38.4200454,-82.4453175
Huntington Dance Theatre,38.420467,-82.4451314
,36.8322345,-76.3689011
Black Box Theater,38.9968287,-77.0272571
,,
,,
,,
,,
,,
,,
,,
,,
,,
,,
,,
,,
,,
,,
,,
,,
,,
,,
,,
,,
,,
,,
,,
,,
,,
,,
,,
,,
,,
,,
,,
,,
,,
,,
,,
,,
,,
,,
,,
,,
,,
,,
,,
,,
,,
,,
,,
,,
,,
Matoaka Amphitheatre,,
,,
,,
,,
,,
,,
,,
,,
,,
,,
,,
,,
McIntire Ampitheatre,,
,,
,,
,,
,,
,,
,,
,,
,,
,,
,,
,,
,,
,,
,,
,,
,,
,,
,,
,,
,,
,,
,,
,,
,,
Olney Theatre,,
,,
,,
,,
,,
,,
,,
,,
,,
,,
,,
,,
,,
,,
,,
,,
H Street Playhouse,,
,,
,,
,,
,,
,,
,,
,,
,,
,,
,,
,,
,,
,,
,,
,,
,,
,,
DAR Constitution Hall,,
,,
,,
,,
,,
,,
,,
,,
,,
,,
,,
,,
,,
,,
,,
,,
,,
,,
,,
,,
,,
,,
,,
,,
,,
,,
,,
,,
,,
,,
,,
,,
,,
,,
,,
,,
,,
,,
,,
,,
,,
,,
,,
,,
,,
,,
,,
,,
,,
Lisner Auditorium,,
,,
,,
,,
,,
,,
,,
,,
,,
,,
Kennedy Center,,
,,
,,
,,
,,
Sylvan Theatre,,
,,
,,
,,
,,
The Source Theater,,
,,
,,
,,
,,
,,
,,
,,
Howard Theatre,,
,,
,,
,,
,,
,,
,,
Teatro de la Luna,,
,,
,,
,,
,,
,,
,,
,,
,,
Mane Auditorium,,
,,
,,
,,
,,
,,
,,
,,
,,
,,
,,
Royal Stage,,
,,
,,
,,
,,
,,
,,
,,
,,
,,
,,
,,
,,
,,
,,
,,
,,
,,
,,
Market Stage,,
,,
,,
,,
,,
Lyric Stage,,
,,
,,
,,
,,
Globe Theater,,
,,
,,
,,
,,
,,
,,
Blackfriar's Theatre,,
,,
,,
,,
,,
,,
,,
,,
,,
Whiteside Ampitheatre,,
,,
,,
,,
,,
,,
,,
,,
,,
,,
,,
,,
Globe Theatre,,
,,
,,
,,
,,
,,
,,
,,
,,
,,
,,
,,
,,
,,
,,
,,
,,
Royal Palace Theatre,,
,,
,,
,,
,,
,,
,,
,,
,,
,,
,,
,,
,,
,,
,,
,,
,,
,,
,,
,,
,,
,,
,,
,,
,,
,,
,,
,,
,,
Harris Theatre,,
,,
,,
,,
,,
,,
,,
,,
,,
,,
,,
,,
,,
,,
,,
,,
,,
,,
,,
,,
,,
,,
,,
,,
Concert Hall,,
,,
,,
,,
,,
,,
,,
,,
Liberty University Tower Theater,,
,,
,,
,,
,,
,,
James Weldon Johnson Auditorium Building,,
,,
,,
,,
,,
Ford's Theatre,,
,,
,,
,,
,,
,,
,,
,,
Baker Park Band Shell,,
,,
,,
,,
,,
,,
,,
,,
,,
,,
,,
,,
,,
,,
,,
,,
,,
,,
,,
,,
,,
,,
Signature Theatre,,
,,
,,
,,
,,
,,
,,
,,
Filene Center,,
,,
,,
,,
,,
,,
,,
,,
,,
,,
,,
,,
,,
,,
,,
,,
,,
,,
,,
,,
,,
,,
,,
,,
,,
,,
,,
,,
,,
,,
,,
,,
,,
,,
,,
,,
,,
,,
,,
,,
,,
,,
,,
,,
,,
,,
,,
,,
,,
Birchmere,,
,,
,,
,,
,,
Johns Auditorium,,
,,
,,
,,
,,
,,
,,
,,
,,
,,
,,
,,
Fortune Stage,,
,,
,,
,,
,,
,,
,,
,,
,,
,,
,,
,,
,,
,,
,,
Waterworks Theatre,,
,,
,,
,,
,,
,,
,,
,,
,,
The Weinberg Center for the Arts,,
,,
,,
,,
,,
The State Theatre,,
,,
,,
,,
,,
Ohrstrom-Bryant Theatre,,
,,
,,
,,
,,
,,
,,
,,
,,
,,
,,
,,
,,
,,
,,
,,
,,
,,
,,
,,
,,
,,
,,
,,
,,
,,
,,
Maryland Hall Center for the Performing Arts,,
,,
,,
,,
,,
,,
,,
,,
,,
,,
,,
,,
Rachel M. Schlesinger Concert Hall & Arts Center (AS),,
,,
,,
,,
,,
,,
,,
,,
,,
,,
,,
,,
,,
,,
,,
,,
,,
,,
,,
,,
,,
,,
,,
Richmond CenterStage,,
,,
,,
,,
,,
,,
,,
,,
,,
,,
,,
,,
The National,,
,,
,,
,,
,,
,,
,,
Crute Stage,,
,,
,,
,,
,,
Altria Theater,,
,,
,,
,,
,,
Peanuts Showplace,,
,,
,,
,,
,,
,,
,,
,,
,,
,,
,,
,,
,,
,,
,,
,,
Dogwood Dell Amphitheater,,
,,
,,
,,
,,
,,
,,
,,
,,
,,
,,
,,
,,
,,
Arena Stage (Mead Center for American Theater),,
,,
,,
,,
,,
,,
,,
,,
,,
,,
,,
,,
,,
,,
,,
,,
,,
,,
,,
,,
,,
,,
,,
,,
,,
,,
,,
,,
,,
,,
,,
,,
,,
,,
,,
,,
,,
,,
,,
Ashland Theatre,,
,,
,,
,,
,,
,,
,,
,,
,,
,,
,,
Blackwell Auditorium and Cobb Theatre,,
,,
,,
,,
,,
,,
,,
,,
,,
,,
,,
,,
,,
,,
,,
Abbey Stone Theatre,,
,,
,,
,,
,,
,,
,,
,,
,,
,,
,,
,,
,,
,,
,,
Il Teatro di San Marco,,
,,
,,
,,
,,
,,
,,
,,
,,
Wayne Theatre Gateway,,
,,
,,
,,
,,
Barter Theater,,
,,
,,
,,
,,
,,
,,
,,
,,
Blackfriars Playhouse,,
,,
,,
,,
,,
Theater,,
,,
,,
,,
,,
,,
Peninsula Community Theater,,
,,
,,
,,
,,
,,
Centre Theater,,
,,
,,
,,
,,
,,
,,
,,
,,
,,
,,
,,
,,
,,
Sprint Pavilion,,
,,
,,
,,
,,
,,
,,
,,
,,
,,
,,
,,
,,
,,
,,
,,
,,
,,
,,
,,
,,
,,
,,
,,
,,
,,
,,
,,
,,
,,
,,
,,
,,
,,
,,
,,
,,
,,
,,
,,
,,
,,
,,
,,
,,
,,
,,
,,
,,
,,
,,
,,
,,
,,
,,
,,
,,
,,
,,
,,
,,
,,
,,
,,
,,
,,
,,
,,
,,
,,
,,
,,
The Paramount Theater,,
,,
,,
,,
,,
,,
,,
,,
,,
,,
,,
,,
,,
,,
,,
,,
,,
,,
,,
,,
,,
,,
,,
Jenkins Greek Theatre,,
,,
,,
,,
,,
,,
,,
,,
,,
,,
,,
,,
,,
,,
Ampitheatre,,
,,
,,
,,
,,
,,
,,
,,
,,
,,
The Robinson Theater,,
,,
,,
,,
,,
Gaines Theatre,,
,,
,,
,,
,,
,,
,,
,,
,,
,,
,,
Dance Place,,
,,
,,
,,
,,
,,
,,
,,
,,
,,
,,
,,
,,
Hartke Theatre,,
,,
,,
,,
,,
,,
,,
,,
,,
,,
,,
,,
,,
,,
,,
,,
,,
,,
,,
,,
,,
,,
,,
,,
,,
,,
,,
,,
,,
,,
,,
,,
,,
,,
,,
,,
,,
,,
,,
,,
,,
,,
,,
,,
,,
,,
,,
,,
Amphitheater,,
,,
,,
,,
,,
,,
,,
,,
,,
,,
,,
,,
,,
,,
,,
,,
,,
,,
,,
,,
,,
,,
,,
Thomas-Rice Auditorium,,
,,
,,
,,
,,
,,
,,
,,
,,
Stage,,
,,
,,
,,
,,
Francis Scott Key Auditorium,,
,,
,,
,,
,,
,,
Coalition Theater,,
,,
,,
,,
,,
The November Theatre,,
,,
,,
,,
,,
Virginia Repertory Theatre,,
,,
,,
,,
,,
Academy of Music Theatre,,
,,
,,
,,
,,
Four County Players,,
,,
,,
,,
,,
Schoenbaum Stage,,
,,
,,
,,
,,
,,
,,
,,
,,
,,
,,
,,
,,
,,
,,
Grafton-Stovall Theatre,,
,,
,,
,,
,,
,,
,,
Vagabond Theatre,,
,,
,,
,,
,,
,,
,,
,,
,,
,,
,,
,,
,,
,,
,,
Center Stage,,
,,
,,
,,
,,
,,
,,
,,
,,
,,
,,
,,
,,
,,
,,
,,
,,
,,
,,
Illusions Magic Bar & Theatre,,
,,
,,
,,
,,
,,
,,
,,
,,
Le Mondo,,
,,
,,
,,
,,
,,
,,
,,
,,
Arena Players,,
,,
,,
,,
,,
,,
,,
,,
,,
,,
,,
,,
,,
,,
,,
,,
,,
,,
,,
,,
,,
,,
,,
,,
,,
,,
,,
,,
,,
,,
,,
,,
,,
,,
,,
,,
,,
,,
,,
,,
,,
,,
,,
,,
,,
,,
,,
,,
,,
,,
,,
,,
,,
,,
,,
,,
,,
,,
,,
,,
,,
,,
,,
,,
,,
,,
,,
,,
,,
,,
,,
The Patricia and Arthur Modell Performing Arts Center at the Lyric,,
,,
,,
,,
,,
,,
,,
,,
,,
,,
,,
,,
,,
,,
,,
,,
,,
,,
,,
,,
,,
,,
,,
,,
,,
,,
,,
,,
,,
,,
,,
,,
,,
,,
,,
,,
,,
,,
,,
,,
,,
,,
,,
,,
,,
,,
,,
,,
,,
,,
,,
,,
,,
,,
,,
,,
Everyman Theatre,,
,,
,,
,,
,,
,,
The Hippodrome Theatre at the France-Merrick Performing Arts Center,,
,,
,,
,,
,,
,,
,,
,,
,,
,,
,,
,,
,,
,,
,,
,,
,,
,,
,,
,,
,,
,,
,,
,,
,,
,,
,,
,,
,,
,,
,,
,,
,,
,,
,,
,,
,,
,,
,,
,,
,,
,,
,,
,,
,,
,,
,,
,,
,,
,,
,,
,,
,,
,,
,,
Senator Theatre,,
,,
,,
,,
,,
,,
,,
,,
,,
,,
,,
,,
,,
,,
,,
,,
,,
,,
,,
,,
,,
,,
,,
,,
,,
,,
,,
,,
,,
,,
,,
,,
,,
,,
,,
,,
,,
,,
,,
,,
,,
,,
,,
,,
,,
,,
,,
,,
,,
,,
,,
,,
,,
,,
,,
,,
,,
,,
,,
,,
,,
,,
,,
,,
,,
,,
,,
,,
,,
,,
,,
,,
,,
,,
,,
,,
,,
,,
,,
,,
,,
,,
,,
,,
,,
,,
,,
,,
,,
,,
,,
,,
,,
,,
,,
,,
,,
,,
,,
,,
,,
,,
,,
,,
,,
,,
,,
,,
,,
,,
,,
,,
,,
,,
,,
,,
,,
,,
,,
,,
,,
,,
,,
,,
,,
,,
,,
,,
,,
,,
,,
,,
,,
,,
,,
,,
,,
,,
,,
,,
,,
,,
,,
,,
,,
,,
,,
,,
,,
,,
,,
,,
,,
,,
,,
,,
,,
,,
,,
,,
,,
,,
,,
,,
,,
,,
,,
,,
,,
,,
,,
,,
,,
,,
,,
,,
,,
,,
,,
,,
,,
,,
,,
,,
Annapolis Summer Garden Theater,,
,,
,,
,,
,,
Circle Theatre,,
,,
,,
,,
,,
,,
,,
,,
,,
,,
Hofheimer Theater,,
,,
,,
,,
,,
,,
,,
,,
,,
,,
,,
,,
,,
,,
,,
,,
,,
Delbarton Opry House,,
,,
,,
,,
,,
,,
,,
,,
,,
,,
,,
,,
,,
,,
,,
,,
Newton W Edwards Amphitheater,,
,,
,,
,,
,,
,,
,,
,,
,,
,,
,,
,,
Smoot Theatre,,
,,
,,
,,
,,
,,
,,
,,
,,
,,
,,
,,
,,
,,
,,
,,
,,
,,
,,
,,
,,
,,
Mountain Lakes Ampitheatre,,
,,
,,
,,
,,
,,
,,
,,
,,
,,
,,
,,
,,
,,
,,
,,
,,
,,
,,
,,
,,
,,
,,
,,
,,
,,
,,
,,
,,
,,
,,
,,
,,
,,
,,
,,
,,
Virginia Beach Amphitheater,,
,,
,,
,,
,,
,,
,,
,,
,,
,,
,,
,,
,,
,,
,,
,,
,,
,,
,,
,,
,,
,,
,,
,,
,,
Chrysler Hall,,
,,
,,
,,
,,
Harrison Opera House,,
,,
,,
,,
,,
,,
,,
,,
,,
,,
,,
,,
,,
,,
,,
,,
,,
,,
,,
,,
,,
,,
,,
,,
,,
,,
,,
,,
,,
,,
,,
,,
,,
,,
,,
,,
,,
,,
,,
,,
,,
,,
,,
,,
,,
,,
,,
,,
Granby Theater,,
,,
,,
,,
,,
,,
,,
,,
,,
,,
,,
Wells Theater,,
,,
,,
,,
,,
,,
The NorVa,,
,,
,,
,,
,,
,,
,,
Lime Kiln Theatre,,
,,
,,
,,
,,
,,
,,
,,
,,
,,
,,
,,
Amphitheatre,,
,,
,,
,,
,,
,,
,,
,,
,,
,,
Amphitheater,,
,,
,,
,,
,,
Landmark,,
,,
,,
,,
,,
,,
,,
,,
,,
,,
,,
,,
,,
Larenim Park Ampitheatre,,
,,
,,
,,
,,
,,
,,
,,
,,
,,
,,
,,
,,
Swirnow Theater,,
,,
,,
,,
,,
,,
,,
,,
,,
,,
,,
,,
,,
,,
,,
,,
,,
,,
,,
,,
Templeton-Blackburn Memorial Auditorium,,
,,
,,
,,
,,
Winchester Little Theatre,,
,,
,,
,,
,,
,,
,,
,,
,,
,,
,,
,,
,,
,,
Willet Hall,,
,,
,,
,,
,,
,,
,,
,,
,,
,,
,,
,,
,,
,,
,,
The Estates at Horsepen Amphitheater,,
,,
,,
,,
,,
,,
Campfire Circle,,
,,
,,
,,
,,
,,
,,
,,
,,
Ha' Penny Stage,,
,,
,,
,,
,,
Amphitheater,,
,,
,,
,,
,,
,,
,,
,,
,,
,,
,,
,,
,,
,,
Amphitheater,,
,,
,,
,,
,,
,,
,,
,,
,,
,,
,,
,,
,,
,,
Culpeper State Theater,,
,,
,,
,,
,,
,,
,,
,,
,,
,,
Amphitheater,,
,,
,,
,,
,,
Cinemark,,
,,
,,
,,
,,
,,
,,
,,
,,
,,
,,
,,
,,
,,
,,
,,
,,
,,
,,
,,
,,
,,
,,
,,
,,
,,
,,
,,
,,
,,
,,
,,
,,
,,
,,
,,
,,
,,
,,
,,
,,
,,
,,
,,
,,
,,
Dunbar Middle School Theater,,
,,
,,
,,
,,
,,
,,
,,
,,
,,
,,
,,
,,
Bowie Playhouse,,
,,
,,
,,
,,
Amphitheater,,
,,
,,
,,
,,
,,
,,
,,
,,
,,
,,
,,
,,
,,
,,
Amphitheater,,
,,
,,
,,
,,
The Forum,,
,,
,,
,,
,,
,,
,,
,,
,,
,,
,,
,,
,,
,,
,,
,,
,,
,,
,,
,,
,,
,,
,,
,,
,,
,,
,,
,,
,,
,,
,,
,,
,,
,,
,,
,,
,,
,,
,,
,,
,,
,,
,,
,,
,,
,,
,,
,,
,,
,,
,,
,,
,,
Amphitheater,,
,,
,,
,,
,,
Artillery Amphitheater,,
,,
,,
,,
,,
,,
,,
,,
,,
Hollins University Theatre,,
,,
,,
,,
,,
,,
,,
,,
,,
,,
,,
,,
,,
,,
,,
,,
,,
,,
Smithfield Little Theater,,
,,
,,
,,
,,
,,
,,
,,
,,
Amphitheater,,
,,
,,
,,
,,
,,
,,
,,
,,
,,
,,
,,
,,
,,
,,
OA Ring,,
,,
,,
,,
,,
,,
,,
,,
,,
,,
,,
,,
,,
,,
,,
,,
,,
,,
,,
,,
,,
Amphitheater,,
,,
,,
,,
,,
,,
,,
,,
,,
Campfire Circle,,
,,
,,
,,
,,
,,
,,
,,
,,
,,
Barboursville Park Amphitheater,,
,,
,,
,,
,,
,,
,,
,,
,,
,,
,,
,,
,,
,,
,,
,,
,,
,,
,,
Amphitheater,,
,,
,,
,,
,,
,,
,,
Theater,,
,,
,,
,,
,,
,,
,,
,,
,,
,,
,,
,,
,,
,,
,,
,,
,,
,,
,,
,,
,,
,,
,,
Chrysalis,,
,,
,,
,,
,,
,,
,,
,,
Sunday Service & Amphitheatre,,
,,
,,
,,
,,
,,
,,
,,
,,
,,
,,
,,
,,
,,
,,
,,
,,
,,
,,
,,
,,
,,
,,
,,
Olney Theatre,,
,,
,,
,,
Yoder Barn,,
,,
,,
Hippodrome Theater,,
,,
Ferguson Center for the Arts,,
,,
,,
,,
,,
,,
,,
,,
,,
Black Cherry Puppet Theater,,
,,
,37.2513039,-83.1959911
,37.2515343,-83.195841
,37.2513836,-83.1957195
,37.2512755,-83.195816
,37.2420459,-83.1860095
,37.2419241,-83.18578
,37.2418247,-83.1858646
,37.241578,-83.1858215
,37.2415875,-83.1852325
,37.2416548,-83.1851157
,37.2418535,-83.1851519
,37.2418809,-83.1852959
,37.2420779,-83.1853492
,37.2422638,-83.1855626
,37.2423471,-83.1857035
,36.7106468,-81.975001
,36.7106628,-81.975109
,36.7106909,-81.9750236
,36.7106958,-81.9748521
,36.7108828,-81.9752218
,36.7109125,-81.9751317
,36.7110063,-81.9751798
,36.7110538,-81.9750356
,37.7098555,-82.1833498
,37.7099211,-82.1831522
,37.7100961,-82.1833175
,37.7101025,-82.1834808
,37.7101165,-82.1832558
,37.7101476,-82.1833448
,37.6889578,-81.6235234
,37.6887746,-81.6233154
,37.6886827,-81.6234873
,37.6889006,-81.6236275
,38.4056569,-82.4358232
,38.4055675,-82.4357629
,38.4054688,-82.435724
,38.4052953,-82.4357213
,38.405205,-82.4357682
,38.4051472,-82.4358259
,38.40505,-82.4359949
,38.4052785,-82.436412
,38.4051198,-82.4361759
,38.4053773,-82.4357119
,38.4057483,-82.4359024
,38.4055171,-82.4363744
,38.4053996,-82.4363929
,38.4050675,-82.4361312
,38.4049876,-82.4360802
,38.4050268,-82.4359801
,38.405708,-82.4358675
,38.4054691,-82.436382
,38.4054254,-82.4363888
,38.4053821,-82.4363957
,38.4241809,-82.4436841
,38.424266,-82.4438558
,38.424266,-82.4432583
,38.4243931,-82.4431557
,38.4243815,-82.4436372
,38.4244246,-82.4434206
,38.4244966,-82.4433669
,38.4244283,-82.4437337
,38.4243825,-82.4431642
,38.4244211,-82.4437188
,38.4244176,-82.4434554
,38.4243879,-82.443605
,38.4244848,-82.4433757
,38.4243711,-82.4431735
,38.4242873,-82.4432411
,38.4214744,-82.4286942
,38.4215223,-82.4284175
,38.4212719,-82.4283246
,38.4214327,-82.4287298
,38.4211398,-82.428297
,38.421059,-82.4282738
,38.4209633,-82.4286041
,38.4209793,-82.4286859
,38.4213159,-82.4289364
,38.4213105,-82.428967
,38.4213871,-82.4289889
,38.4214664,-82.4287395
,38.4211415,-82.4282872
,38.4210645,-82.4282426
,38.4209697,-82.4282154
,38.4209042,-82.4285872
,38.4209503,-82.4286776
,38.4209535,-82.4288323
,38.4212741,-82.4283118
,38.4213425,-82.4283314
,38.4214797,-82.428401
,38.421434,-82.4283879
,38.4214843,-82.4283749
,38.4214386,-82.4283618
,38.4214055,-82.4280699
,38.4216033,-82.4281267
,38.4213824,-82.4282006
,38.4215803,-82.4282574
,38.4215367,-82.4283362
,38.421351,-82.4282829
,38.421316,-82.4282208
,38.4213235,-82.428223
,38.4215656,-82.4283445
,38.4215732,-82.4283013
,38.421605,-82.4283105
,38.4213073,-82.4282704
,38.4213301,-82.4281856
,38.4216127,-82.4282668
,38.4215028,-82.4286968
,38.4215338,-82.4286881
,38.4215617,-82.4286687
,38.4215841,-82.42864
,38.4215993,-82.4286044
,38.421606,-82.4285648
,38.4216038,-82.4285244
,38.4215926,-82.4284864
,38.4215736,-82.428454
,38.4215482,-82.4284298
,38.4215801,-82.4286452
,38.421602,-82.4285883
,38.4215815,-82.4284674
,38.4214696,-82.4287214
,38.3952449,-82.2992039
,38.3953135,-82.2990426
,38.395162,-82.2989377
,38.3950934,-82.299099
,38.3650976,-81.7564281
,38.365324,-81.7563872
,38.3653224,-81.7563237
,38.3653095,-81.7562643
,38.3652887,-81.756205
,38.365027,-81.7562561
,38.3650495,-81.7562848
,38.3650735,-81.7563258
,38.3650928,-81.7563831
,38.3652614,-81.7561456
,38.3652148,-81.7560862
,38.3651602,-81.7560371
,38.3491925,-81.6383616
,38.3492309,-81.6384239
,38.3492448,-81.6382732
,38.3492529,-81.6382807
,38.3492903,-81.6384904
,38.3493001,-81.638199
,38.3493622,-81.6385581
,38.3494209,-81.6384781
,38.3494246,-81.6382563
,38.3494276,-81.6384856
,38.3494629,-81.6382995
,38.3494806,-81.6384264
,38.3495035,-81.6383315
,38.3493767,-81.638183
,38.7943818,-81.6821468
,38.7943463,-81.6821293
,38.7943275,-81.6820985
,38.794317,-81.682069
,38.7942125,-81.6821535
,38.7942355,-81.6822044
,38.79427,-81.68225
,38.7943055,-81.6822742
,38.794362,-81.6822849
,38.6720375,-80.7777739
,38.6721632,-80.7777264
,38.6721322,-80.7775917
,38.6720065,-80.7776392
,38.6646403,-80.7073151
,38.6645582,-80.707323
,38.6645534,-80.7072404
,38.664482,-80.7072472
,38.6644762,-80.7071483
,38.664542,-80.707142
,38.6645394,-80.7070973
,38.6646206,-80.7070895
,38.6646237,-80.7071413
,38.6646485,-80.7071389
,38.6646555,-80.7072599
,38.6646372,-80.7072616
,38.6960423,-80.6630284
,38.6960618,-80.6629202
,38.6960955,-80.6628969
,38.6961559,-80.6634117
,38.6962195,-80.6634078
,38.6962513,-80.6627962
,38.6962685,-80.6627843
,38.6962723,-80.663398
,38.6963478,-80.6633549
,38.6963512,-80.6633647
,38.6963551,-80.6628343
,38.6963769,-80.6633383
,38.6963794,-80.6633454
,38.6964406,-80.6632933
,38.696486,-80.6631199
,38.6965001,-80.6632198
,38.6965088,-80.6631227
,38.6965454,-80.6631064
,38.6965516,-80.663142
,39.3264186,-82.0990594
,39.3264343,-82.0995499
,39.3268578,-82.0995273
,39.3268421,-82.0990368
,39.266623,-81.5606227
,39.2665073,-81.560521
,39.2663343,-81.5608275
,39.2664512,-81.5609292
,39.266462,-81.5609092
,39.2665156,-81.5609585
,39.2666659,-81.5606565
,37.3556174,-79.9401617
,37.3555918,-79.9401237
,37.3555189,-79.9402013
,37.3555382,-79.9402299
,37.3554035,-79.9404316
,37.3553898,-79.9404461
,37.3554581,-79.9405476
,37.3554727,-79.9405321
,37.3556495,-79.9404065
,37.3556669,-79.9404324
,37.3557455,-79.9403487
,37.3557213,-79.9403127
,37.3554265,-79.9405007
,37.3553806,-79.9403975
,37.3557865,-79.9399818
,37.355889,-79.9401342
,37.3554972,-79.9405685
,37.3582006,-79.1739236
,37.358067,-79.1736822
,37.3583381,-79.1734446
,37.3584717,-79.173686
,37.3582367,-79.1735335
,37.4392492,-79.1722211
,37.4390665,-79.1725847
,37.439081,-79.1722462
,37.4394279,-79.1723879
,37.4391141,-79.1723229
,37.4392293,-79.1726031
,37.4393856,-79.172483
,37.4392121,-79.1721361
,37.4391499,-79.1726097
,37.4393167,-79.172558
,37.4394438,-79.1723029
,37.4173848,-79.1444658
,37.4175466,-79.1446137
,37.4176393,-79.1440244
,37.4178011,-79.1441723
,37.5186346,-79.0852631
,37.5186689,-79.0851737
,37.5188864,-79.0850474
,37.5188619,-79.0849765
,37.5188179,-79.0849103
,37.5187593,-79.0848518
,37.5187031,-79.0848117
,37.518642,-79.084804
,37.5185699,-79.084804
,37.5185173,-79.084804
,37.5184978,-79.0848148
,37.5185699,-79.0850736
,37.5185222,-79.0852015
,37.7905828,-79.4593248
,37.790108,-79.4601778
,37.7896386,-79.4595428
,37.7895791,-79.4588841
,37.7894174,-79.4581288
,37.7900794,-79.4578726
,37.790253,-79.4577906
,37.7904097,-79.4578498
,37.7906464,-79.457972
,37.790851,-79.45815
,37.7908936,-79.4591797
,38.1491434,-79.070762
,38.1491648,-79.0704958
,38.1493423,-79.0707879
,38.1493637,-79.0705217
,38.0685009,-78.8882979
,38.0685184,-78.8884253
,38.068849,-78.8882208
,38.0688665,-78.8883482
,37.2412285,-78.4613665
,37.2413048,-78.461695
,37.2412265,-78.4618288
,37.2410667,-78.4618272
,37.2413059,-78.461516
,37.2412275,-78.4615152
,37.2410697,-78.4613648
,37.2412274,-78.4616942
,37.241161,-78.4613658
,37.2411653,-78.4618282
,37.2410683,-78.4615819
,37.3148786,-78.4221752
,37.3149796,-78.4219184
,37.3148528,-78.4218395
,37.3147518,-78.4220963
,37.3149681,-78.4218844
,37.3149586,-78.4219053
,37.3148656,-78.4218449
,37.3148729,-78.4218246
,37.3010273,-78.3927641
,37.3009925,-78.3926787
,37.3008856,-78.3927476
,37.3009204,-78.392833
,37.6284785,-78.8172067
,37.628521,-78.8172024
,37.6285625,-78.8171895
,37.6286019,-78.8171685
,37.6286381,-78.8171399
,37.6286702,-78.8171045
,37.6286975,-78.817063
,37.6287192,-78.8170166
,37.6287349,-78.8169664
,37.628744,-78.8169138
,37.6287464,-78.8168599
,37.6287421,-78.8168067
,37.6287312,-78.816755
,37.628714,-78.8167061
,37.6286909,-78.8166612
,37.6286625,-78.8166214
,37.6286295,-78.8165879
,37.6285927,-78.8165612
,37.628553,-78.8165423
,37.6285115,-78.8165314
,37.6284692,-78.816529
,37.628427,-78.816535
,37.6283862,-78.8165493
,37.6283476,-78.8165715
,37.6283122,-78.8166012
,37.6282818,-78.8166365
,37.6282559,-78.8166774
,37.6282353,-78.8167229
,37.6282206,-78.8167718
,37.6282119,-78.816823
,37.6282096,-78.8168752
,37.6282137,-78.8169273
,37.6282242,-78.816978
,37.6282406,-78.817026
,37.6282628,-78.8170703
,37.62829,-78.8171097
,37.6283218,-78.8171434
,37.6283572,-78.8171705
,37.6283956,-78.8171904
,37.6284358,-78.8172025
,38.0335512,-78.5059421
,38.0335307,-78.506094
,38.0333664,-78.5056014
,38.0335041,-78.5059674
,38.0334663,-78.505687
,38.0335911,-78.5060616
,38.033419,-78.5057124
,38.0334058,-78.5057195
,38.0334909,-78.5059745
,38.0334268,-78.5055688
,38.0310059,-78.479718
,38.0307649,-78.4799848
,38.0307861,-78.4800512
,38.0304802,-78.4802087
,38.0305253,-78.48035
,38.030697,-78.4798771
,38.0307147,-78.4800879
,38.0307361,-78.4799996
,38.0308887,-78.4801394
,38.0308951,-78.4801595
,38.0309605,-78.4801024
,38.0311049,-78.480028
,38.0310239,-78.4797744
,38.0293438,-78.4762946
,38.0293437,-78.4763424
,38.0293536,-78.47643
,38.0295026,-78.476885
,38.0293088,-78.4769428
,38.0290965,-78.4769288
,38.0289441,-78.4768313
,38.0289923,-78.4766131
,38.0291134,-78.4763789
,38.0291255,-78.476316
,38.0291283,-78.4762793
,38.0293483,-78.4764131
,38.0289287,-78.4768265
,38.0289403,-78.476808
,38.0289566,-78.4767819
,38.0289685,-78.4767383
,38.0289784,-78.476842
,38.0289915,-78.4766825
,38.0289983,-78.4768752
,38.0290057,-78.4768877
,38.0290067,-78.4765944
,38.0290085,-78.476899
,38.0290311,-78.4768926
,38.0290393,-78.4765518
,38.0290486,-78.4768877
,38.0290556,-78.4764804
,38.0290815,-78.4769114
,38.0290829,-78.4769125
,38.0290901,-78.4764383
,38.0291107,-78.4769192
,38.0291342,-78.4769034
,38.0291686,-78.4769076
,38.0291741,-78.4762537
,38.0291905,-78.4769322
,38.029202,-78.4769453
,38.0292133,-78.4769339
,38.0292299,-78.4769173
,38.0292359,-78.4762496
,38.0292667,-78.4769115
,38.0292975,-78.4769325
,38.0293029,-78.4769361
,38.0293088,-78.4762698
,38.0293256,-78.4769293
,38.0293449,-78.4769136
,38.0293621,-78.4764569
,38.0293727,-78.4769125
,38.0293807,-78.4769173
,38.0293935,-78.4765292
,38.0293969,-78.4765097
,38.0293983,-78.4769277
,38.029399,-78.4765649
,38.0294111,-78.4769074
,38.0294215,-78.4766198
,38.0294223,-78.4768896
,38.0294297,-78.4766283
,38.0294359,-78.4766871
,38.02944,-78.4767307
,38.0294479,-78.4766473
,38.0294493,-78.4767632
,38.0294632,-78.4768753
,38.0294647,-78.4768068
,38.0294662,-78.4767869
,38.02947,-78.4768316
,38.029476,-78.4768785
,38.029479,-78.4768464
,38.0294935,-78.4768701
,38.0295002,-78.476881
,38.0291002,-78.4764125
,38.0292458,-78.4769148
,38.0292841,-78.4769234
,38.0293469,-78.4763923
,38.1728813,-78.2855763
,38.1727154,-78.2857986
,38.172596,-78.2856544
,38.172762,-78.2854321
,37.678479,-77.867816
,37.6785527,-77.8678893
,37.6771913,-77.8637226
,37.6770836,-77.8636223
,37.6770501,-77.8636647
,37.6769707,-77.8636647
,37.6769336,-77.8636312
,37.6768295,-77.8637115
,37.6769125,-77.8638185
,37.6771066,-77.8638296
,37.6785945,-77.8679538
,37.6783872,-77.8677697
,37.6782177,-77.8680511
,37.6782513,-77.8682581
,37.6783074,-77.8683165
,37.6784558,-77.86829
,37.678277,-77.8682849
,37.6817656,-77.8609996
,37.6817413,-77.8608801
,37.681713,-77.8608404
,37.6816768,-77.8608126
,37.6815189,-77.8608481
,37.6814925,-77.86089
,37.6814767,-77.8609396
,37.6814728,-77.8609928
,37.6816359,-77.860799
,37.6815937,-77.8608007
,37.6815535,-77.8608175
,37.681481,-77.8610452
,37.6815052,-77.8610998
,37.6815424,-77.8611412
,37.6815884,-77.8611645
,37.6816378,-77.8611672
,37.6816852,-77.861149
,37.6817251,-77.8611119
,37.6817529,-77.8610601
,37.6817615,-77.8609372
,37.3891605,-77.5815673
,37.3890347,-77.5816142
,37.3890944,-77.5816759
,37.3892092,-77.5811861
,37.3890729,-77.5812733
,37.3891751,-77.5814704
,37.3892945,-77.581331
,37.3891136,-77.581511
,37.3890369,-77.5813862
,37.3890124,-77.5813098
,37.3889069,-77.58135
,37.3889346,-77.5814533
,37.5404512,-77.4842174
,37.5403928,-77.4842695
,37.5403433,-77.4841812
,37.5404017,-77.4841292
,37.5408482,-77.4825285
,37.5408525,-77.482676
,37.540827,-77.4827672
,37.5404606,-77.4827154
,37.5403678,-77.4827052
,37.5403617,-77.4824914
,37.5404586,-77.4824761
,37.5405292,-77.4822852
,37.5406483,-77.4822979
,37.5408078,-77.482389
,37.540778,-77.4828503
,37.5406419,-77.4829496
,37.5405803,-77.4829657
,37.536573,-77.4481975
,37.5366053,-77.4482239
,37.5366439,-77.4482442
,37.5366794,-77.4482544
,37.5367294,-77.4482503
,37.5367632,-77.4482361
,37.5368035,-77.4482076
,37.5368277,-77.4481812
,37.5368567,-77.4481426
,37.5368761,-77.4480938
,37.5368857,-77.4480491
,37.5368906,-77.4480003
,37.5368873,-77.4479596
,37.5368777,-77.447919
,37.5368664,-77.4478926
,37.5368035,-77.4479332
,37.5367278,-77.4478296
,37.5365408,-77.4480227
,37.5366165,-77.4481263
,37.5368679,-77.4481144
,37.5367494,-77.4482419
,37.5367698,-77.447887
,37.5464609,-77.4516823
,37.5464738,-77.4526293
,37.5459229,-77.4526412
,37.54591,-77.4516942
,37.5470907,-77.4378986
,37.5471989,-77.4377929
,37.5474207,-77.4381635
,37.5474064,-77.4381772
,37.5474306,-77.4382176
,37.5473551,-77.4382894
,37.5473286,-77.4382451
,37.5473114,-77.4382614
,37.5459373,-77.4421011
,37.5459727,-77.4421608
,37.5462002,-77.441853
,37.5462356,-77.4419127
,37.5466178,-77.4432285
,37.5466679,-77.4433125
,37.5467704,-77.4434847
,37.5468953,-77.4429655
,37.5469452,-77.4430497
,37.5469454,-77.4430496
,37.5470478,-77.4432218
,37.5419766,-77.4368359
,37.5419593,-77.4368053
,37.541717,-77.4363938
,37.5416885,-77.4364205
,37.5415317,-77.4361545
,37.5413975,-77.4362804
,37.5413765,-77.4362449
,37.5411201,-77.4364856
,37.5415159,-77.4371497
,37.5422174,-77.4350652
,37.5422489,-77.4350355
,37.5422914,-77.4351074
,37.5419365,-77.4354412
,37.5420525,-77.4347863
,37.5417291,-77.4350905
,37.5415403,-77.4371728
,37.5416014,-77.4371713
,37.5357383,-77.4085994
,37.5360765,-77.4085251
,37.5358281,-77.4087604
,37.5359783,-77.4083623
,37.5812238,-77.5861808
,37.581132,-77.5860831
,37.58115,-77.5859325
,37.5812313,-77.5860316
,37.5812404,-77.5861147
,37.581234,-77.5861492
,37.5812193,-77.5860003
,37.5811943,-77.5859685
,37.5812407,-77.5860721
,37.581157,-77.5861005
,37.5811426,-77.5860434
,37.5811333,-77.5860633
,37.5811408,-77.5860979
,37.5766216,-77.5424935
,37.5763941,-77.54281
,37.5763133,-77.542692
,37.5762751,-77.5426062
,37.5762517,-77.542523
,37.5762411,-77.5424318
,37.5762368,-77.5423406
,37.5762368,-77.5422494
,37.5765876,-77.5423326
,37.5765812,-77.5423755
,37.5765876,-77.542413
,37.5766003,-77.5424506
,37.5762581,-77.5421502
,37.5970827,-77.5194548
,37.5970024,-77.5194158
,37.5969622,-77.5194431
,37.5969653,-77.5196303
,37.5970796,-77.519642
,37.7583432,-77.4793293
,37.7583461,-77.4794047
,37.7583834,-77.4792875
,37.758385,-77.4793267
,37.7583879,-77.4794022
,37.7583895,-77.4794438
,37.7584262,-77.4794415
,37.758538,-77.4792779
,37.7587375,-77.4792656
,37.7587436,-77.4794218
,37.7605403,-77.4769361
,37.7605846,-77.4771556
,37.7605865,-77.4773243
,37.7606172,-77.4771464
,37.760617,-77.4774754
,37.760618,-77.4773139
,37.7607491,-77.4770996
,37.7607724,-77.4768612
,37.7608115,-77.4772514
,37.7608166,-77.4770804
,37.760844,-77.4772408
,37.7608746,-77.4773923
,37.7606898,-77.4774519
,37.760819,-77.4774102
,37.8391288,-77.4442743
,37.8391255,-77.4444336
,37.8392147,-77.4441494
,37.8392882,-77.4441209
,37.8391635,-77.4445182
,37.8393645,-77.4441318
,37.8392249,-77.4445767
,37.8394312,-77.4441801
,37.8392995,-77.4445995
,37.8394772,-77.4442579
,37.8394951,-77.4443526
,37.8393752,-77.4445829
,37.8394395,-77.4445296
,37.8394818,-77.4444484
,37.8391704,-77.4442033
,38.4383467,-78.8705095
,38.4379775,-78.8705972
,38.4381387,-78.8704277
,38.4380931,-78.8707763
,38.4382311,-78.8703304
,38.4383234,-78.870534
,39.2722122,-80.3647221
,39.2723655,-80.3638018
,39.272005,-80.3637101
,39.2717949,-80.3638421
,39.2718432,-80.3639485
,39.271829,-80.3641795
,39.2725244,-80.3647258
,39.2725613,-80.3643298
,39.2726777,-80.3639888
,39.2725925,-80.3637541
,39.368206,-78.8879777
,39.3680567,-78.887937
,39.3680159,-78.8879167
,39.3679829,-78.8878801
,39.3679609,-78.8878273
,39.3679452,-78.887746
,39.3679514,-78.8876586
,39.3679844,-78.8875854
,39.3680332,-78.8875427
,39.3680945,-78.8875285
,39.3681432,-78.8875407
,39.3682689,-78.8875813
,38.2599141,-78.8334993
,38.2598185,-78.8334765
,38.2598242,-78.8334373
,38.2599199,-78.83346
,38.5312236,-78.4397749
,38.5311579,-78.4397983
,38.5311469,-78.4397399
,38.5310753,-78.4396689
,38.5310355,-78.4395484
,38.531178,-78.4394784
,38.53122,-78.4396301
,38.5312017,-78.4397002
,38.9269721,-78.3310086
,38.9268948,-78.3310716
,38.926802,-78.3310555
,38.9267331,-78.3309603
,38.9268239,-78.3308369
,38.9268646,-78.3308356
,38.9268938,-78.330853
,38.9269084,-78.3308678
,38.4718098,-77.9965574
,38.4715577,-77.9966508
,38.4714021,-77.9959702
,38.4714344,-77.9959581
,38.4714115,-77.9958587
,38.4714922,-77.9958284
,38.4715165,-77.9959341
,38.4716543,-77.9958823
,38.4715049,-77.9964311
,38.1961115,-77.5349916
,38.1960962,-77.5349032
,38.1960461,-77.5347943
,38.1959898,-77.5347315
,38.1958997,-77.5348562
,38.195981,-77.5350356
,38.5352995,-77.3478283
,38.535332,-77.3478739
,38.5353404,-77.3479248
,38.5353613,-77.347945
,38.5354642,-77.3477867
,38.5354285,-77.3477706
,38.5353981,-77.3477666
,38.5353645,-77.3477277
,38.8703889,-77.8240865
,38.8703562,-77.8240202
,38.8702742,-77.8240869
,38.8703069,-77.8241532
,38.8309497,-77.3083717
,38.8308787,-77.3084361
,38.8309121,-77.3083556
,38.8309846,-77.3088413
,38.8308371,-77.3084081
,38.8311029,-77.3089205
,38.8311903,-77.3085389
,38.8309651,-77.30842
,38.8308684,-77.3086643
,38.8311821,-77.3085613
,38.8310165,-77.3087581
,38.8309908,-77.308457
,38.8306812,-77.30877
,38.8309949,-77.3084398
,38.8307923,-77.3085204
,38.8307984,-77.3088413
,38.831105,-77.3085323
,38.8312449,-77.3085745
,38.8307768,-77.3085111
,38.8311122,-77.3085151
,38.8298189,-77.3092643
,38.8299186,-77.3090975
,38.8296227,-77.3097562
,38.8298452,-77.3092815
,38.8291832,-77.3094673
,38.8294537,-77.3087871
,38.8309577,-77.3083978
,38.8310899,-77.3085215
,38.8308108,-77.308474
,38.8292192,-77.3094913
,38.8329109,-77.2363921
,38.8333004,-77.2362847
,38.8329705,-77.236748
,38.83336,-77.2366406
,38.8333297,-77.2364598
,38.9367634,-77.2649934
,38.9363531,-77.2651295
,38.9361704,-77.264616
,38.9365811,-77.2640817
,38.936407,-77.2640266
,38.9367285,-77.2644682
,38.9368926,-77.2647671
,38.9364577,-77.2641595
,38.936163,-77.2642117
,38.9362009,-77.2643111
,38.9365794,-77.2645631
,38.9368809,-77.2647875
,38.936233,-77.2647804
,38.9365597,-77.2651318
,38.9363778,-77.2646891
,38.9361266,-77.2641163
,38.9363803,-77.2639565
,38.9360825,-77.2643856
,38.936323,-77.2651292
,38.9365733,-77.2651319
,38.9365162,-77.2641226
,38.9367486,-77.2650192
,38.9363286,-77.2650842
,38.9368711,-77.2647531
,38.9366539,-77.2646116
,38.9362197,-77.2647453
,38.9363646,-77.2647951
,38.9366967,-77.2643849
,38.9361166,-77.2644749
,38.936374,-77.2651298
,38.9367792,-77.2649657
,38.9368649,-77.2648156
,38.9366764,-77.2646263
,38.9368495,-77.2647391
,38.9365388,-77.2651315
,38.9389726,-77.2617738
,38.9390936,-77.2617362
,38.9391478,-77.2619535
,38.9389806,-77.2620246
,38.9390665,-77.2619723
,38.9391541,-77.2617362
,38.9389691,-77.2620012
,38.9388848,-77.2618306
,38.9389204,-77.2618006
,38.939034,-77.2617506
,38.9390257,-77.2619973
,38.9391082,-77.2619588
,39.0640159,-78.0653076
,39.0642069,-78.0651551
,39.0644222,-78.0656025
,39.0642313,-78.0657549
,39.1661416,-78.1601584
,39.1660605,-78.1606298
,39.1663317,-78.1600757
,39.1661061,-78.1607507
,39.1661931,-78.1607548
,39.1660695,-78.1605398
,39.1667363,-78.1607088
,39.1666473,-78.1605547
,39.1659936,-78.1604516
,39.1660398,-78.1605756
,39.16637,-78.161103
,39.1666224,-78.1605787
,39.1665006,-78.1609775
,39.1664849,-78.1609504
,39.1661246,-78.1607393
,39.1660489,-78.160649
,39.166561,-78.1604724
,39.1662538,-78.1608606
,39.1661584,-78.1607797
,39.1662386,-78.1608757
,39.1661787,-78.1602227
,39.1660095,-78.1604353
,39.1659375,-78.1603546
,39.1661427,-78.1607609
,39.1660716,-78.1606893
,39.1660485,-78.1605984
,39.185505,-78.1714628
,39.1854015,-78.1715719
,39.1851895,-78.1712479
,39.1852917,-78.1711388
,39.4160885,-77.4152827
,39.4161032,-77.4153664
,39.4161063,-77.4152163
,39.4161355,-77.4154273
,39.416171,-77.4151465
,39.4162046,-77.4151324
,39.4162075,-77.4154539
,39.4162414,-77.4151476
,39.416259,-77.4154406
,39.4163075,-77.415393
,39.4163075,-77.4153385
,39.4163614,-77.4149738
,39.4163831,-77.4149843
,39.4164453,-77.4150713
,39.4165104,-77.4153361
,39.4139341,-77.4117041
,39.4141204,-77.4116831
,39.4141106,-77.4115375
,39.4139243,-77.4115586
,39.4163467,-77.4149916
,39.4164243,-77.4150442
,39.4164785,-77.4151694
,39.4164911,-77.4152237
,39.4164906,-77.415272
,39.4165121,-77.4152724
,36.8380671,-76.3475075
,36.8378598,-76.3470958
,36.8382372,-76.3468003
,36.8382717,-76.3468833
,36.8383063,-76.3468501
,36.8387262,-76.3471722
,36.8387023,-76.3472187
,36.8388484,-76.3473249
,36.8387554,-76.3475408
,36.8388404,-76.347637
,36.8387341,-76.3477566
,36.8386571,-76.347657
,36.8385215,-76.3477798
,36.8382903,-76.347315
,37.1922482,-76.8739663
,37.1924408,-76.8737452
,37.1924857,-76.8738659
,37.1924654,-76.8740134
,37.1982949,-76.8832043
,37.1982522,-76.8830649
,37.1981902,-76.8831051
,37.1980407,-76.883081
,37.197968,-76.8830246
,37.1979274,-76.8831587
,37.1980044,-76.8832285
,37.198203,-76.8832473
,37.196675,-76.8799639
,37.196727,-76.8798757
,37.1964763,-76.8800504
,37.196557,-76.880047
,37.1966227,-76.879754
,37.1965725,-76.879754
,37.1965244,-76.8797634
,37.1964891,-76.8797949
,37.1964683,-76.8798358
,37.1922506,-76.8736848
,37.19235,-76.8736862
,36.9844416,-76.6318595
,36.9845558,-76.6319928
,36.984422,-76.631908
,36.9843659,-76.6318116
,36.9844329,-76.6316456
,36.9845069,-76.6316924
,36.9845282,-76.6316398
,36.9846637,-76.6317256
,37.031882,-76.4604875
,37.032115,-76.4602587
,37.0318037,-76.4603661
,37.0320451,-76.4601267
,37.031821,-76.460349
,37.0613389,-76.4902609
,37.0613651,-76.4905174
,37.0613927,-76.4907092
,37.0614143,-76.4909868
,37.0615476,-76.4902298
,37.0615584,-76.490335
,37.0615619,-76.4904912
,37.0615795,-76.4906824
,37.0616098,-76.4908545
,37.0616126,-76.4910173
,37.0616185,-76.4909581
,37.0616366,-76.4912728
,37.0616376,-76.4898028
,37.0616379,-76.4909097
,37.0616386,-76.4909239
,37.061649,-76.491012
,37.0616502,-76.4894529
,37.0616814,-76.4897986
,37.0616824,-76.4903154
,37.061727,-76.4908352
,37.0617323,-76.4892643
,37.0617335,-76.4908944
,37.061748,-76.4894317
,37.06177,-76.4912555
,37.0617753,-76.4892491
,37.0617813,-76.4913766
,37.0618195,-76.4892413
,37.0618444,-76.4906955
,37.0618537,-76.4908024
,37.0618641,-76.489241
,37.0619068,-76.491672
,37.0619084,-76.4892482
,37.0619161,-76.4907906
,37.0619275,-76.4901465
,37.0619375,-76.4910219
,37.0619489,-76.4903765
,37.0619492,-76.4915823
,37.0619514,-76.4892628
,37.0619705,-76.4907624
,37.0619879,-76.4913415
,37.0619926,-76.4892845
,37.0619973,-76.4910141
,37.0620033,-76.4915125
,37.0620112,-76.4903655
,37.0620114,-76.4901343
,37.0620182,-76.491509
,37.0620238,-76.490521
,37.0620241,-76.4915618
,37.0620309,-76.489313
,37.0620487,-76.4905172
,37.0620659,-76.4893476
,37.0620968,-76.4893879
,37.0621195,-76.4893821
,37.0621333,-76.4915215
,37.0621335,-76.491534
,37.062146,-76.4917436
,37.0621479,-76.4906237
,37.0621509,-76.4906516
,37.0621592,-76.4918729
,37.0621698,-76.4905888
,37.0621707,-76.4916314
,37.0621728,-76.4906199
,37.0621827,-76.4900244
,37.0621944,-76.4916562
,37.062198,-76.491579
,37.0622076,-76.4900238
,37.0622109,-76.4900704
,37.0622195,-76.4901325
,37.0622258,-76.4902134
,37.0622291,-76.49026
,37.0622308,-76.4905062
,37.0622353,-76.4915032
,37.0622375,-76.491598
,37.0622376,-76.490319
,37.0622486,-76.4903748
,37.0622541,-76.4906987
,37.0622546,-76.4907268
,37.0622648,-76.4904492
,37.0622781,-76.4904987
,37.0622795,-76.4901372
,37.0622807,-76.4900623
,37.0622856,-76.4902055
,37.0622869,-76.4899843
,37.0622892,-76.4902709
,37.0622907,-76.4899156
,37.0622994,-76.4905729
,37.0623003,-76.490336
,37.0623042,-76.4898311
,37.0623099,-76.4906007
,37.0623122,-76.4903811
,37.0623182,-76.4897747
,37.0623255,-76.4906407
,37.0623314,-76.4904595
,37.0623345,-76.4897025
,37.0623352,-76.4904753
,37.0623462,-76.4906838
,37.0623563,-76.4905433
,37.0623595,-76.4908767
,37.0623607,-76.4896302
,37.0623639,-76.4908392
,37.0623653,-76.4909202
,37.0623686,-76.4905723
,37.0623733,-76.4908046
,37.0623833,-76.4909539
,37.0623895,-76.4895577
,37.0623905,-76.4907886
,37.0623951,-76.4894485
,37.0624016,-76.4906505
,37.0624058,-76.4906604
,37.0624112,-76.4909812
,37.0624114,-76.4906712
,37.0624126,-76.4894512
,37.0624253,-76.4894633
,37.0624265,-76.49085
,37.062428,-76.4907039
,37.062433,-76.4894756
,37.0624363,-76.4909868
,37.0624436,-76.4907325
,37.0624521,-76.4908867
,37.0624574,-76.4907588
,37.0624663,-76.490986
,37.0624726,-76.4909173
,37.0624729,-76.4893249
,37.062483,-76.4907986
,37.0624886,-76.4909792
,37.0625011,-76.4908293
,37.0625082,-76.4909569
,37.0625292,-76.4908659
,37.0625624,-76.4909149
,37.0625844,-76.4910296
,37.0625853,-76.4909392
,37.0625996,-76.4910417
,37.0626183,-76.4909664
,37.0644815,-76.4928739
,37.0645222,-76.4928498
,37.0645436,-76.4928015
,37.06455,-76.4927506
,37.0644895,-76.4927037
,37.0645384,-76.4925227
,37.0641101,-76.4921747
,37.0639653,-76.4924545
,37.0645784,-76.4925337
,37.0641623,-76.4922171
,37.1051558,-76.4929047
,37.1051574,-76.4927299
,37.1051173,-76.4927294
,37.1051157,-76.4929042
,37.1051933,-76.4926003
,37.1051813,-76.4926053
,37.1051686,-76.4926051
,37.1051567,-76.4925999
,37.1051468,-76.4925901
,37.1051399,-76.4925768
,37.1051368,-76.4925614
,37.1051378,-76.4925456
,37.1051624,-76.4925117
,37.105175,-76.4925089
,37.1051877,-76.4925114
,37.105199,-76.492519
,37.1052077,-76.4925309
,37.1052128,-76.4925456
,37.1052138,-76.4925616
,37.1052106,-76.4925772
,37.1051428,-76.4925311
,37.1051513,-76.4925194
,37.1052035,-76.4925905
,37.1050682,-76.4925555
,37.1053479,-76.4922075
,37.1052725,-76.492114
,37.1052515,-76.4921394
,37.1052125,-76.4920906
,37.1051736,-76.4921343
,37.1051436,-76.4920926
,37.1050999,-76.4920845
,37.1049426,-76.4922675
,37.1050077,-76.4923555
,37.1050182,-76.4923433
,37.1050487,-76.4923846
,37.1049912,-76.4924515
,37.0717167,-76.3600666
,37.0720656,-76.3601504
,37.0720982,-76.3599373
,37.0717493,-76.3598534
,37.2338665,-76.6495669
,37.2342703,-76.6497424
,37.2340984,-76.6489282
,37.2342449,-76.6487946
,37.2338595,-76.6491255
,37.2340014,-76.6497212
,37.2338285,-76.6494617
,37.2341802,-76.6497663
,37.2339156,-76.6490339
,37.2339256,-76.6496556
,37.2338143,-76.6493474
,37.2338248,-76.6492326
,37.2340884,-76.649759
,37.2341775,-76.6489379
,37.2339564,-76.6489978
,37.234005,-76.6489551
,37.2340342,-76.6489454
,37.2334054,-76.6440587
,37.2333463,-76.6440061
,37.2334658,-76.6437946
,37.2335291,-76.6438511
,37.2335135,-76.6438788
,37.2335394,-76.6439018
,37.233495,-76.6439804
,37.2334649,-76.6439535
,37.2366228,-76.6457881
,37.2366788,-76.645955
,37.2364174,-76.6457486
,37.2344741,-76.6491855
,37.2344965,-76.6493238
,37.234352,-76.6496892
,37.2344977,-76.6489624
,37.2344819,-76.6494637
,37.2344355,-76.6491105
,37.2344319,-76.64959
,37.236591,-76.645782
,37.2359481,-76.6484261
,37.2358185,-76.6482828
,37.2358898,-76.648177
,37.235934,-76.6478673
,37.2360739,-76.6479002
,37.2360622,-76.647962
,37.2361893,-76.6481102
,37.2361685,-76.6481395
,37.2362009,-76.6482519
,37.2360246,-76.6483284
,37.23607,-76.648374
,37.2360181,-76.648444
,37.2359715,-76.6483919
,37.2344464,-76.6489277
,37.2343908,-76.6488913
,37.2365768,-76.6457793
,37.2364649,-76.6457577
,37.236366,-76.6457711
,37.2363047,-76.645798
,37.2362339,-76.6459649
,37.2362853,-76.6461261
,37.2363383,-76.6461713
,37.2363142,-76.6462574
,37.2363652,-76.6462923
,37.2363918,-76.6462042
,37.2364242,-76.6462244
,37.23654,-76.6461725
,37.2359233,-76.6479421
,37.2344813,-76.6490014
,37.2344857,-76.6494271
,37.2660692,-76.7222361
,37.2660334,-76.7222576
,37.266014,-76.7224819
,37.2663284,-76.7222977
,37.266309,-76.722522
,37.2662972,-76.7222671
,37.2662625,-76.722243
,37.2662252,-76.7222262
,37.2661862,-76.7222169
,37.2661465,-76.7222155
,37.2661072,-76.722222
,37.2380851,-76.5164609
,37.2380753,-76.5164201
,37.2380625,-76.516385
,37.2380406,-76.516349
,37.2379825,-76.5162788
,37.2378352,-76.5163717
,37.2378926,-76.5166297
,37.2380889,-76.5165035
,36.7990127,-76.3081239
,36.7989198,-76.3081654
,36.7989386,-76.3082309
,36.7990315,-76.3081893
,36.8307151,-76.2983369
,36.8306529,-76.2982939
,36.8305895,-76.2982162
,36.8308053,-76.2972157
,36.8308858,-76.2971942
,36.8309341,-76.2971889
,36.831005,-76.2971875
,36.83105,-76.2971969
,36.8305541,-76.2981491
,36.8305069,-76.2975671
,36.8305369,-76.2974759
,36.8306207,-76.2973525
,36.8306615,-76.2973096
,36.8305004,-76.2979989
,36.8304747,-76.2978567
,36.8304704,-76.2977119
,36.8309923,-76.2976215
,36.8312639,-76.2975903
,36.8311511,-76.2977127
,36.831049,-76.297492
,36.831219,-76.2977437
,36.8308955,-76.2979516
,36.8308746,-76.2981094
,36.8310159,-76.298174
,36.8309178,-76.2979618
,36.8310088,-76.297629
,36.850177,-76.289808
,36.8502118,-76.2899129
,36.8517116,-76.2859952
,36.8517883,-76.2896469
,36.8519514,-76.2901369
,36.8519617,-76.2867447
,36.8520925,-76.2900747
,36.852195,-76.2857454
,36.8524451,-76.286495
,36.8519425,-76.290111
,36.8520609,-76.290186
,36.8521198,-76.2901545
,36.8519265,-76.2895752
,36.8520116,-76.2901046
,36.8520359,-76.2901756
,36.852054,-76.290166
,36.849276,-76.2902479
,36.849188,-76.2899631
,36.8490445,-76.2904568
,36.8489415,-76.290084
,36.8492978,-76.2903388
,36.8503864,-76.2898221
,36.8500861,-76.2895264
,36.8503069,-76.2894152
,36.850431,-76.2897998
,36.8579649,-76.2904614
,36.8580259,-76.2905025
,36.8580412,-76.2904635
,36.8580807,-76.2905177
,36.8580959,-76.2904901
,36.8581642,-76.290582
,36.8582022,-76.2904651
,36.8582158,-76.2904799
,36.8578856,-76.2903631
,36.8578967,-76.2903385
,36.8578023,-76.2903007
,36.8578547,-76.2901961
,36.8578705,-76.2902069
,36.8579208,-76.2904195
,36.8579403,-76.2903893
,36.857947,-76.2900114
,36.8579638,-76.2900234
,36.8580012,-76.2899088
,36.8580409,-76.2896557
,36.8580484,-76.289811
,36.8580613,-76.2899526
,36.8581041,-76.2897041
,36.8581106,-76.2898558
,36.8581307,-76.2894741
,36.8581965,-76.2895223
,36.8582373,-76.2894092
,36.8582484,-76.2894194
,36.85826,-76.2893671
,36.8582704,-76.2893744
,36.8582735,-76.2893684
,36.8582957,-76.2902828
,36.8583108,-76.2902938
,36.8583337,-76.2894167
,36.858336,-76.2901658
,36.8583375,-76.2894096
,36.8583435,-76.2894035
,36.8583507,-76.2894
,36.8583575,-76.2893993
,36.8583615,-76.2901904
,36.8583642,-76.289401
,36.8583785,-76.2894095
,36.8583854,-76.290071
,36.8583953,-76.2893789
,36.8584128,-76.2900927
,36.8585446,-76.2895788
,36.8585751,-76.2895191
,36.8586364,-76.2896523
,36.8693858,-76.1890182
,36.8693548,-76.1890462
,36.8694787,-76.1892602
,36.8696213,-76.1891311
,36.8695728,-76.1890474
,36.8696687,-76.1889605
,36.8696154,-76.1888684
,36.8695593,-76.1889191
,36.8695438,-76.1888925
,36.8694902,-76.1888817
,36.8694658,-76.1889026
,36.8694276,-76.188833
,36.869355,-76.1888952
,36.8693081,-76.1888841
,36.8695129,-76.1888863
,36.8693359,-76.1888907
,36.7685055,-76.1039239
,36.7688237,-76.1033722
,36.7688442,-76.1034392
,36.7689218,-76.1042628
,36.768936,-76.1033705
,36.7685896,-76.1037781
,36.7689626,-76.1043959
,36.7690043,-76.1033349
,36.7690148,-76.1045659
,36.7690381,-76.1041047
,36.7690657,-76.1041946
,36.7690754,-76.1033097
,36.7691261,-76.1044085
,36.7691284,-76.1032296
,36.7691485,-76.103295
,36.7691542,-76.1044999
,36.7693574,-76.1039494
,36.7693884,-76.1040506
,36.7694339,-76.1042035
,36.7694497,-76.1042552
,36.7695093,-76.1039933
,36.7695561,-76.1041457
,36.7695764,-76.1033589
,36.7696597,-76.1033829
,37.6494885,-76.5868
,37.6494014,-76.5867785
,37.6493425,-76.5867671
,37.6493334,-76.5868134
,37.6492771,-76.5868107
,37.6492713,-76.5867886
,37.6492703,-76.5867691
,37.6493106,-76.5868297
,37.6492928,-76.5868215
,37.6493247,-76.5868249
,37.6493451,-76.5867919
,37.6493439,-76.5867548
,37.6494847,-76.5867597
,37.6494539,-76.58671
,37.6494061,-76.5866269
,37.6493796,-76.5866014
,37.6493381,-76.586584
,37.6492829,-76.5865826
,37.6492436,-76.5865934
,37.6491874,-76.586647
,37.6491502,-76.5866778
,37.6491417,-76.586698
,37.649247,-76.5867987
,37.7817583,-76.5954711
,37.7817095,-76.59551
,37.7816809,-76.5955985
,37.7816168,-76.5955341
,37.7816025,-76.5954557
,37.7816189,-76.5954342
,37.781665,-76.5954403
,37.7817323,-76.5954027
,37.7816338,-76.5954362
,38.8337405,-77.1749382
,38.8337025,-77.1748386
,38.8336313,-77.1747938
,38.833617,-77.1748365
,38.8335537,-77.174863
,38.8335632,-77.1749117
,38.8336028,-77.1749748
,38.8336487,-77.1750235
,38.8336867,-77.1750378
,38.833712,-77.1749463
,38.8336343,-77.1750099
,38.8399087,-77.1114636
,38.8398694,-77.1114923
,38.839834,-77.1114126
,38.8398578,-77.1113952
,38.839777,-77.1112127
,38.839814,-77.1111858
,38.8397863,-77.1111232
,38.8403199,-77.1117497
,38.8400769,-77.1119277
,38.8399694,-77.1116858
,38.839998,-77.1116648
,38.8399897,-77.1109752
,38.8400076,-77.1110158
,38.8400616,-77.1109765
,38.8401654,-77.1112121
,38.8401306,-77.1112374
,38.8401479,-77.1112768
,38.8401193,-77.1112975
,38.8401505,-77.1113686
,38.8401953,-77.1113362
,38.8402673,-77.1115004
,38.8402243,-77.1115314
,38.8405148,-77.0905544
,38.8408508,-77.0905316
,38.8407331,-77.0903666
,38.8407079,-77.0900126
,38.8408336,-77.0901129
,38.8405094,-77.0903905
,38.8408291,-77.0900044
,38.8827368,-77.169625
,38.8828843,-77.1694611
,38.8829463,-77.1699362
,38.8830938,-77.1697722
,38.8987767,-77.0727223
,38.8987614,-77.0727433
,38.8987463,-77.0727517
,38.8987246,-77.0727518
,38.8987047,-77.0727389
,38.8986908,-77.0727136
,38.8986887,-77.0726802
,38.8987828,-77.0726885
,38.8986989,-77.072653
,38.8987204,-77.0726343
,38.8987455,-77.0726326
,38.8987628,-77.0726424
,38.8987767,-77.0726621
,38.8398522,-77.0619823
,38.8395633,-77.0613886
,38.8402138,-77.0608693
,38.8405047,-77.0614636
,38.8773406,-77.0200932
,38.8778202,-77.0210398
,38.8768708,-77.020592
,38.8778354,-77.0212223
,38.8768325,-77.0205329
,38.8770191,-77.0200745
,38.8775265,-77.0200932
,38.8768186,-77.0202139
,38.8769188,-77.020651
,38.8771778,-77.0207824
,38.8773239,-77.0209702
,38.8778744,-77.0213992
,38.8778431,-77.0213724
,38.876852,-77.0201576
,38.8775682,-77.0200906
,38.8772843,-77.0209031
,38.8769439,-77.0200906
,38.8767907,-77.0202861
,38.8772376,-77.0208333
,38.8777414,-77.0213296
,38.8777978,-77.0214503
,38.8772843,-77.0201174
,38.876898,-77.0201147
,38.8776163,-77.0201147
,38.8773657,-77.0210131
,38.8769773,-77.0207073
,38.8774805,-77.0200932
,38.8774075,-77.020053
,38.8772383,-77.020112
,38.8770942,-77.0200771
,38.8778479,-77.0214691
,38.8767894,-77.0203586
,38.8768019,-77.0204525
,38.8771527,-77.0200879
,38.8770316,-77.0207368
,38.8778264,-77.020093
,38.8774429,-77.0201067
,38.8771047,-77.0207583
,38.8883075,-77.0346127
,38.888239,-77.0345374
,38.8883437,-77.0343801
,38.8884122,-77.0344554
,38.8968525,-77.0563063
,38.8949486,-77.0550393
,38.8949508,-77.0563117
,38.8968503,-77.0550338
,38.8992241,-77.0468361
,38.8991402,-77.0473785
,38.899224,-77.0468076
,38.8994502,-77.0468353
,38.8994509,-77.0473778
,38.8993666,-77.0468072
,38.8993667,-77.0468355
,38.8991394,-77.0468372
,38.8991394,-77.0468362
,38.8938327,-77.039705
,38.8941333,-77.0397036
,38.8941342,-77.0401797
,38.8941339,-77.0402083
,38.8940429,-77.0397035
,38.8941992,-77.0409291
,38.8940431,-77.0415687
,38.8940107,-77.0396046
,38.8940792,-77.0407898
,38.8940782,-77.040234
,38.8938632,-77.0396044
,38.8940793,-77.0407402
,38.8941921,-77.04079
,38.893834,-77.0415684
,38.8941992,-77.0410016
,38.8941994,-77.04139
,38.8936828,-77.0407929
,38.8940106,-77.0397229
,38.8937412,-77.0397279
,38.8941995,-77.0413182
,38.8942119,-77.0410016
,38.8940428,-77.039723
,38.893834,-77.0415292
,38.8936487,-77.0401859
,38.8936822,-77.041529
,38.8940432,-77.0415295
,38.8938326,-77.0397238
,38.8937414,-77.0402075
,38.8938016,-77.0402077
,38.8941926,-77.04139
,38.8940743,-77.0402339
,38.8941333,-77.0397277
,38.8940777,-77.0407402
,38.8941925,-77.0415298
,38.894192,-77.0409291
,38.8938015,-77.0402325
,38.8942116,-77.0413182
,38.8937948,-77.0407931
,38.8942236,-77.0397279
,38.8942232,-77.0401811
,38.8940746,-77.0402074
,38.8937412,-77.0397048
,38.8937953,-77.0402324
,38.8938631,-77.0397238
,38.8936492,-77.0397278
,38.8937414,-77.040186
,38.8940107,-77.0396445
,38.8938632,-77.0396419
,38.8967812,-77.0254533
,38.8967798,-77.0258377
,38.8967806,-77.0256228
,38.8965728,-77.0254498
,38.8965722,-77.0256199
,38.8964835,-77.0256193
,38.8964826,-77.0258394
,38.915161,-77.0317592
,38.9152531,-77.0316261
,38.9152528,-77.0314085
,38.9152489,-77.0316261
,38.9152484,-77.0317605
,38.9151527,-77.0317591
,38.9151528,-77.0314069
,38.9151835,-77.021236
,38.9151828,-77.0209525
,38.9154443,-77.0212349
,38.9154436,-77.0209514
,38.9151835,-77.0212351
,38.9154439,-77.0210794
,38.8998688,-76.9862472
,38.9000785,-76.9862462
,38.8997987,-76.9861599
,38.8999884,-76.9862457
,38.8997988,-76.9862475
,38.8998547,-76.9862474
,38.8998662,-76.9862473
,38.8997994,-76.9860855
,38.8997994,-76.9860885
,38.8997987,-76.9861397
,38.8998849,-76.9862462
,38.8997988,-76.9862421
,38.9000799,-76.9860827
,38.8999099,-76.9862446
,38.8998024,-76.9862475
,38.8998649,-76.9862474
,38.8998672,-76.9862473
,38.9380967,-77.0893121
,38.9381552,-77.0894871
,38.938149,-77.0894052
,38.9380891,-77.0894155
,38.9380904,-77.0893893
,38.9380911,-77.0893631
,38.9380953,-77.089337
,38.9381001,-77.0892929
,38.938107,-77.089266
,38.9381187,-77.0892377
,38.9381276,-77.0892109
,38.9381421,-77.0891833
,38.9381531,-77.0891627
,38.9381711,-77.0891385
,38.9381883,-77.0891158
,38.9382117,-77.0890924
,38.9384425,-77.0893156
,38.9384446,-77.08935
,38.9384439,-77.0893776
,38.9384391,-77.089401
,38.9384308,-77.0894286
,38.938417,-77.0894527
,38.938406,-77.0894775
,38.9383853,-77.0894975
,38.9383757,-77.0895051
,38.9382992,-77.089461
,38.9382882,-77.0894734
,38.9382324,-77.0890758
,38.9382565,-77.0890607
,38.9382765,-77.0890504
,38.9383943,-77.089257
,38.9384079,-77.0892952
,38.9275626,-77.0458882
,38.9275697,-77.0459682
,38.9276225,-77.0459934
,38.9275695,-77.0458927
,38.9275973,-77.0458733
,38.9275487,-77.0459275
,38.9276501,-77.0458984
,38.9275741,-77.0459009
,38.9275628,-77.0459287
,38.9275737,-77.0459172
,38.9404456,-77.0253087
,38.9404261,-77.0255319
,38.9404844,-77.0253653
,38.9404093,-77.0255276
,38.9404914,-77.0253203
,38.9404281,-77.0255189
,38.9404611,-77.0255272
,38.9404874,-77.0253662
,38.9302755,-76.9947839
,38.9302755,-76.9947855
,38.9302977,-76.9947865
,38.9302978,-76.994782
,38.9304192,-76.9947871
,38.9302761,-76.9946637
,38.9302882,-76.9946643
,38.9302909,-76.9943868
,38.9303909,-76.9943911
,38.9303918,-76.9945658
,38.9304035,-76.9945663
,38.9304203,-76.9945671
,38.9364845,-77.0019088
,38.9364517,-77.0020246
,38.9364322,-77.0019257
,38.9363962,-77.0018728
,38.9364271,-77.0016093
,38.9364742,-77.0015717
,38.9364867,-77.0018902
,38.9365006,-77.0016234
,38.9365038,-77.0015955
,38.936517,-77.0014836
,38.9365964,-77.0019296
,38.9365978,-77.0020527
,38.9365991,-77.0019133
,38.9366406,-77.001965
,38.9366601,-77.0015112
,38.9366686,-77.0019219
,38.9366709,-77.0016057
,38.9366783,-77.0016032
,38.9366854,-77.0016623
,38.9366962,-77.0016652
,38.9367288,-77.0019806
,38.9367301,-77.00197
,38.9367675,-77.0016421
,38.9367686,-77.0016322
,38.9367721,-77.0019891
,38.9367734,-77.0019773
,38.9368114,-77.0016524
,38.9368128,-77.0016407
,38.9368409,-77.0019555
,38.9368648,-77.0016949
,38.9368842,-77.0015291
,38.9368862,-77.0019641
,38.9368925,-77.0019111
,38.9368975,-77.0017023
,38.9369028,-77.0019132
,38.9369043,-77.0016448
,38.9369105,-77.0017592
,38.9369193,-77.0017065
,38.9369205,-77.0017618
,38.9370471,-77.0019427
,38.9370782,-77.0016782
,38.9371049,-77.0019539
,38.9371088,-77.0019209
,38.9371349,-77.0019259
,38.9371379,-77.0016427
,38.9371454,-77.0015794
,38.9371675,-77.0016485
,38.9879901,-76.9440329
,38.9879856,-76.9437494
,38.9878722,-76.9437322
,38.9877921,-76.9436979
,38.9877254,-76.9436378
,38.987672,-76.9436378
,38.987672,-76.9437837
,38.9876787,-76.9439038
,38.987712,-76.9439468
,38.9877654,-76.9439897
,38.9878321,-76.9440326
,38.9879122,-76.9440412
,38.9878692,-76.9440366
,38.987771,-76.9436789
,38.9877017,-76.9439335
,38.9773159,-76.723123
,38.9771158,-76.7231604
,38.977296,-76.7229472
,38.977096,-76.7229846
,39.0014939,-76.5847831
,39.0015266,-76.5847836
,39.0014954,-76.5846248
,39.0026952,-76.5841677
,39.0010545,-76.5839473
,39.0026757,-76.5820829
,39.0004159,-76.5841372
,39.0027835,-76.582186
,39.0026769,-76.5842686
,39.0026914,-76.5821967
,39.0006021,-76.5839306
,39.0027116,-76.5820437
,39.0003652,-76.5840946
,39.0021713,-76.5818222
,39.0022602,-76.5819181
,39.0026711,-76.5821469
,39.0027118,-76.5842579
,39.002298,-76.5819821
,39.0020838,-76.5818824
,39.0027429,-76.5822121
,39.0003929,-76.5839155
,39.0015281,-76.5846253
,39.000518,-76.5841745
,39.0021649,-76.5818943
,39.0020902,-76.5818102
,39.0026603,-76.5841784
,39.0010365,-76.5839952
,39.0021012,-76.5821785
,39.0022594,-76.582137
,39.0020054,-76.5821468
,39.0010202,-76.5841345
,39.001067,-76.5842353
,39.0006271,-76.583988
,39.0010175,-76.5840799
,39.0021845,-76.5821834
,39.0006102,-76.5841238
,39.002293,-76.5820624
,39.0010381,-76.5841982
,39.0004638,-76.5838673
,39.0011502,-76.5839587
,39.0011667,-76.5840359
,39.0011793,-76.584173
,39.0011903,-76.5840271
,39.0012042,-76.5840751
,39.001221,-76.5841796
,39.0012254,-76.5840779
,39.0019759,-76.5820711
,39.0019775,-76.5821263
,39.0019837,-76.5820078
,39.0020024,-76.5819538
,39.0020191,-76.581921
,39.0020336,-76.5819008
,39.0020558,-76.5818806
,39.0010775,-76.58395
,38.9742468,-76.5058356
,38.973503,-76.5053837
,38.9733988,-76.5056549
,38.9736968,-76.5058263
,38.9735757,-76.5061722
,38.9737671,-76.5062844
,38.9738858,-76.5059229
,38.9741596,-76.5060911
,38.9739355,-76.5059519
,38.9741333,-76.5060843
,38.973617,-76.5057804
,38.9769025,-76.4870042
,38.9770231,-76.4869427
,38.9769344,-76.4868984
,38.9769911,-76.4870485
,38.9789337,-76.489492
,38.9791505,-76.4894413
,38.9791309,-76.4894375
,38.9791348,-76.4894042
,38.9789484,-76.4893678
,38.9812328,-76.4926094
,38.9816272,-76.4921916
,38.9818257,-76.4925016
,38.9814312,-76.4929194
,38.9818031,-76.4924657
,38.9791398,-76.4895322
,38.9791572,-76.4894086
,38.979166,-76.4893341
,38.9789572,-76.4892933
,39.0318744,-77.0996296
,39.0316732,-77.099568
,39.0317594,-77.0991784
,39.0319471,-77.099245
,39.1446447,-77.044909
,39.1448872,-77.0452628
,39.145022,-77.0450486
,39.1450347,-77.0448178
,39.1449378,-77.0446785
,39.1447967,-77.0446656
,39.1447791,-77.0447517
,39.1449565,-77.0445675
,39.1450158,-77.0445726
,39.1450743,-77.0444982
,39.1452127,-77.0444308
,39.1449601,-77.0441409
,39.1446904,-77.0442596
,39.1447665,-77.0445305
,39.1450859,-77.0445347
,39.1450065,-77.0448466
,39.1450065,-77.0445491
,39.1449581,-77.0450866
,39.1449867,-77.0451298
,39.1449854,-77.0450562
,39.1450859,-77.0439747
,39.1451915,-77.0439291
,39.1451631,-77.0438109
,39.1450574,-77.0438549
,39.145011,-77.0437027
,39.1448664,-77.043766
,39.1448496,-77.0440212
,39.1446917,-77.0440663
,39.1446317,-77.0437168
,39.1447896,-77.0436717
,39.1449275,-77.0436032
,39.1448243,-77.0436354
,39.1448118,-77.0435688
,39.1447261,-77.0435955
,39.1446882,-77.0433935
,39.1448286,-77.0433497
,39.1448532,-77.0434813
,39.1449018,-77.0434662
,39.103774,-76.8569315
,39.1037302,-76.8569637
,39.1036309,-76.8569134
,39.1036251,-76.8568752
,39.1036257,-76.8568356
,39.1036371,-76.8567994
,39.1036548,-76.8567706
,39.1036787,-76.8567484
,39.1037042,-76.8567343
,39.1037344,-76.8567283
,39.1037542,-76.8567303
,39.103776,-76.8567397
,39.1037989,-76.8567578
,39.1038119,-76.8568638
,39.2098064,-76.8598506
,39.209799,-76.8599326
,39.2100975,-76.8598922
,39.2100246,-76.8598073
,39.2098828,-76.8598062
,39.2098724,-76.8600327
,39.210053,-76.8600465
,39.0965206,-76.7383344
,39.0965659,-76.7381956
,39.0965133,-76.7381681
,39.0965175,-76.7381561
,39.0962656,-76.7380112
,39.0962104,-76.7381829
,39.0964613,-76.738317
,39.0964654,-76.7383042
,39.1605792,-76.7258415
,39.1609412,-76.7241738
,39.1609086,-76.7242247
,39.1607284,-76.7240868
,39.1604592,-76.7258096
,39.1600009,-76.725236
,39.1600631,-76.7253564
,39.1600836,-76.7253249
,39.16011,-76.7254876
,39.1601396,-76.725438
,39.1604931,-76.7257531
,39.1605497,-76.7243595
,39.1606608,-76.7257124
,39.1606925,-76.7257441
,39.1607164,-76.7254538
,39.1608145,-76.7241714
,39.1608066,-76.7252015
,39.160814,-76.7255536
,39.1608296,-76.7241414
,39.1608668,-76.725106
,39.1608575,-76.7252547
,39.1609178,-76.7251578
,39.1610392,-76.724941
,39.1600872,-76.7251019
,39.160102,-76.7251159
,39.1601518,-76.7250345
,39.1601336,-76.7250129
,39.1603467,-76.7257388
,39.1603669,-76.7257118
,39.1607458,-76.7254291
,39.1607376,-76.7254206
,39.1610301,-76.7249823
,39.1610202,-76.7249723
,39.1605853,-76.7243052
,39.160638,-76.7242248
,39.1606015,-76.7243218
,39.1606531,-76.7242404
,39.1613086,-76.7246849
,39.161138,-76.7250409
,39.1611619,-76.7244451
,39.1611793,-76.7244187
,39.1612229,-76.7248175
,39.161223,-76.7245967
,39.1612583,-76.7248482
,39.1612564,-76.7245434
,39.2650545,-76.7237448
,39.2650877,-76.7236922
,39.2650974,-76.7237201
,39.2651085,-76.7238996
,39.2651549,-76.7238728
,39.2651663,-76.7239055
,39.2653577,-76.7235362
,39.2654329,-76.7237515
,39.309812,-76.6584758
,39.3097887,-76.659046
,39.310185,-76.6590731
,39.3102083,-76.6585029
,39.2775556,-76.6140793
,39.277627,-76.6140878
,39.2775648,-76.6139837
,39.2776498,-76.6138834
,39.2775747,-76.6138748
,39.2776086,-76.614296
,39.2775355,-76.614292
,39.2776296,-76.6140588
,39.2823454,-76.5939363
,39.2823279,-76.5939345
,39.2823637,-76.5935709
,39.2823476,-76.5938521
,39.2822802,-76.5937654
,39.282289,-76.5935656
,39.2823636,-76.5935759
,39.2823435,-76.5938216
,39.2823504,-76.5938211
,39.2823421,-76.5938518
,39.2823442,-76.5939348
,39.2823446,-76.5939283
,39.2822778,-76.5938215
,39.2822735,-76.5939306
,39.2873255,-76.6357902
,39.2872673,-76.6357759
,39.2871616,-76.6357293
,39.2871602,-76.6357694
,39.287267,-76.6357865
,39.2871634,-76.6356802
,39.2873291,-76.6356902
,39.2873273,-76.6357393
,39.2893621,-76.6217681
,39.2893647,-76.6217708
,39.2893649,-76.6216904
,39.2893723,-76.6216909
,39.2893947,-76.6210701
,39.2895321,-76.6217806
,39.2895309,-76.6217621
,39.2895324,-76.6217162
,39.2895332,-76.6216978
,39.2895458,-76.6217633
,39.2895479,-76.6217173
,39.2895944,-76.6217164
,39.289595,-76.6217024
,39.2898938,-76.6205538
,39.2899038,-76.6202563
,39.2899039,-76.6203048
,39.29008,-76.6214438
,39.2900915,-76.6211262
,39.2901101,-76.6214456
,39.2901219,-76.6211211
,39.2901683,-76.6211239
,39.2901684,-76.6211193
,39.2902588,-76.62113
,39.290259,-76.6211249
,39.2902741,-76.6217599
,39.2902785,-76.6216427
,39.290285,-76.6215632
,39.2902867,-76.6216432
,39.2902897,-76.6215635
,39.2902983,-76.621212
,39.2903027,-76.6212122
,39.2903056,-76.6211329
,39.2903241,-76.6205832
,39.2903348,-76.6202817
,39.2896216,-76.6217184
,39.2895935,-76.6210821
,39.2896286,-76.6210853
,39.2896272,-76.6211237
,39.2895921,-76.6211215
,39.2899039,-76.6211019
,39.2899554,-76.621118
,39.2899015,-76.621169
,39.2899534,-76.6211722
,39.2942398,-76.6198761
,39.2942226,-76.6203165
,39.2942397,-76.6198818
,39.2942232,-76.6203019
,39.2941892,-76.6198722
,39.2941886,-76.6198857
,39.2941717,-76.6203126
,39.2941717,-76.6203103
,39.2986208,-76.6225599
,39.2986213,-76.6225586
,39.2986218,-76.6225577
,39.2986318,-76.6225452
,39.2986203,-76.6225608
,39.2986196,-76.6225634
,39.2986195,-76.6225647
,39.298619,-76.6225714
,39.2986191,-76.6225661
,39.298619,-76.6225674
,39.2986192,-76.6225657
,39.2986216,-76.6225806
,39.29862,-76.6225767
,39.2986197,-76.6225753
,39.2986195,-76.622574
,39.2986191,-76.6225727
,39.2979227,-76.6134692
,39.2980357,-76.6130618
,39.2982578,-76.6130771
,39.2980794,-76.6130576
,39.2981939,-76.6130649
,39.2981936,-76.6130729
,39.2980793,-76.6130647
,39.2979702,-76.6134553
,39.2979701,-76.613461
,39.2979232,-76.6134582
,39.2982431,-76.6134728
,39.2979387,-76.6130102
,39.2979373,-76.6130478
,39.2982499,-76.6132943
,39.298036,-76.6130543
,39.2978621,-76.6134653
,39.2977024,-76.613455
,39.2977201,-76.6129964
,39.298694,-76.6227503
,39.2986942,-76.6227481
,39.2986947,-76.6227459
,39.298695,-76.6227437
,39.2986957,-76.6227415
,39.2987994,-76.6229242
,39.2987977,-76.6229251
,39.2987941,-76.6229247
,39.2987316,-76.6228552
,39.2987331,-76.6228579
,39.2987338,-76.6228588
,39.2987344,-76.6228596
,39.2987369,-76.6228623
,39.2987555,-76.6228657
,39.2987587,-76.6228639
,39.2986941,-76.6227649
,39.2986935,-76.6227547
,39.2986935,-76.6227605
,39.2986937,-76.6227627
,39.2987419,-76.6228653
,39.2987399,-76.6228645
,39.2987448,-76.6228667
,39.2988011,-76.6229238
,39.298802,-76.6229229
,39.298795,-76.6229251
,39.2988003,-76.6229242
,39.298953,-76.6227657
,39.2986937,-76.6227525
,39.2989232,-76.6227297
,39.2988692,-76.6228656
,39.2988534,-76.6228788
,39.2988663,-76.6228678
,39.2987883,-76.6229207
,39.2987872,-76.622919
,39.2988817,-76.6228562
,39.2989466,-76.6226977
,39.2987025,-76.6224535
,39.2989337,-76.6226797
,39.2989328,-76.6226806
,39.2987053,-76.622457
,39.2987282,-76.6224264
,39.298739,-76.6228636
,39.298738,-76.6228632
,39.2987932,-76.6229247
,39.2987898,-76.6229225
,39.2987907,-76.622923
,39.2987891,-76.6229216
,39.2987915,-76.6229238
,39.2987591,-76.6228646
,39.2987471,-76.6228671
,39.2987459,-76.6228667
,39.2987526,-76.6228666
,39.2987515,-76.622867
,39.2987534,-76.6228666
,39.305635,-76.6182133
,39.3056525,-76.6182118
,39.3056545,-76.6182504
,39.3057149,-76.6183771
,39.3057152,-76.618343
,39.3058271,-76.6185392
,39.3058679,-76.6185396
,39.3060842,-76.618151
,39.3061083,-76.6188821
,39.3060995,-76.6182804
,39.3061192,-76.6188846
,39.3061066,-76.6181543
,39.3061371,-76.6182789
,39.3061438,-76.6182792
,39.3117683,-76.6157596
,39.3113381,-76.6157301
,39.3117415,-76.6157578
,39.3113498,-76.6153963
,39.3113447,-76.6155194
,39.311314,-76.6155173
,39.3113102,-76.6156082
,39.311343,-76.6156105
,39.305593,-76.6180484
,39.305593,-76.6180508
,39.305593,-76.6180532
,39.3055931,-76.6180461
,39.3055931,-76.6180555
,39.3055933,-76.6180437
,39.3055935,-76.6180414
,39.3055938,-76.6180391
,39.3055941,-76.6180367
,39.3055945,-76.6180344
,39.305595,-76.6180322
,39.3055955,-76.6180299
,39.3055961,-76.6180276
,39.3055967,-76.6180254
,39.3055974,-76.6180232
,39.3055978,-76.6176738
,39.3055982,-76.6180211
,39.305599,-76.618019
,39.3055998,-76.6180169
,39.3056006,-76.6179001
,39.3056007,-76.6178742
,39.3056007,-76.6180148
,39.3056013,-76.6179261
,39.3056014,-76.6178483
,39.3056017,-76.6180128
,39.3056026,-76.617952
,39.3056027,-76.6180109
,39.3056028,-76.6178224
,39.3056038,-76.618009
,39.3056046,-76.6179778
,39.3056049,-76.6177966
,39.3056049,-76.6180071
,39.3056061,-76.6180053
,39.3056073,-76.6180035
,39.3056245,-76.6177986
,39.3056257,-76.6177189
,39.3057396,-76.6176944
,39.3057419,-76.6176833
,39.3060885,-76.6179484
,39.306124,-76.6179487
,39.3061364,-76.6177173
,39.3116112,-76.6154142
,39.3117687,-76.615425
,39.3121657,-76.6157869
,39.3121795,-76.6154532
,39.3120308,-76.615443
,39.3279261,-76.6186311
,39.3279451,-76.6185936
,39.3279144,-76.6185675
,39.3279593,-76.6184791
,39.3279896,-76.6185048
,39.3280062,-76.6184721
,39.3281468,-76.6185915
,39.3280662,-76.6187501
,39.3633071,-76.6102756
,39.3633073,-76.6102706
,39.3633074,-76.6102807
,39.3633076,-76.6103537
,39.363308,-76.6102656
,39.3633083,-76.6102856
,39.3633093,-76.6102609
,39.3633097,-76.6102903
,39.363311,-76.6102564
,39.3633116,-76.6102947
,39.3633129,-76.6102516
,39.363314,-76.6102987
,39.3633149,-76.6102477
,39.3633168,-76.6103022
,39.3633191,-76.6103046
,39.3633228,-76.6103074
,39.3633267,-76.6103097
,39.3633281,-76.6103102
,39.3633299,-76.610183
,39.3633312,-76.6104524
,39.3633318,-76.6101831
,39.3633363,-76.6104503
,39.3633424,-76.6101409
,39.3633429,-76.6101395
,39.3633433,-76.6101385
,39.3633438,-76.6101375
,39.3633442,-76.6101366
,39.3633448,-76.6101357
,39.3633453,-76.6101348
,39.3633459,-76.6101339
,39.3633466,-76.6101331
,39.3633472,-76.6101324
,39.3633479,-76.6101316
,39.3633486,-76.610131
,39.3633494,-76.6101303
,39.3633501,-76.6101298
,39.3633509,-76.6101293
,39.3633514,-76.6105107
,39.3633517,-76.6101288
,39.3633526,-76.6101284
,39.3633543,-76.6101277
,39.3633551,-76.6101275
,39.363356,-76.6101273
,39.3633569,-76.6101272
,39.3633571,-76.6105084
,39.3633578,-76.6101271
,39.3633587,-76.6101271
,39.3633595,-76.6101272
,39.3633613,-76.6100884
,39.3633624,-76.610086
,39.363363,-76.6100848
,39.3633635,-76.6100836
,39.3633641,-76.6100825
,39.3633648,-76.6100813
,39.3633654,-76.6100802
,39.363366,-76.6100791
,39.3633674,-76.6100769
,39.3633681,-76.6100759
,39.3633688,-76.6100748
,39.3633695,-76.6100738
,39.3633702,-76.6100727
,39.363371,-76.6100717
,39.3633717,-76.6100707
,39.3633725,-76.6100698
,39.3633728,-76.6105707
,39.3633733,-76.6100688
,39.3633741,-76.6100679
,39.3633749,-76.610067
,39.3633757,-76.6100661
,39.3633765,-76.6100652
,39.3633774,-76.6100644
,39.3633774,-76.6105687
,39.3633782,-76.6100635
,39.36338,-76.6100619
,39.3633809,-76.6100611
,39.3633827,-76.6100596
,39.3633846,-76.6100582
,39.3633855,-76.6100575
,39.3633874,-76.6100562
,39.3633884,-76.6100556
,39.3633894,-76.610055
,39.3633903,-76.6100545
,39.3633913,-76.6100539
,39.3633923,-76.6100534
,39.3633926,-76.6106295
,39.3633943,-76.6100524
,39.3633964,-76.6100515
,39.3633974,-76.6100511
,39.3633984,-76.6100507
,39.3633986,-76.610627
,39.3633995,-76.6100503
,39.3634018,-76.6106398
,39.3634026,-76.6100494
,39.3634047,-76.6100489
,39.3634051,-76.6106531
,39.3634058,-76.6100486
,39.3634079,-76.6100483
,39.3634101,-76.610048
,39.3634112,-76.6100479
,39.3634123,-76.6100478
,39.3634133,-76.6100477
,39.3634144,-76.6100477
,39.3634155,-76.6100477
,39.3634176,-76.6100478
,39.3634187,-76.6100478
,39.3634209,-76.610048
,39.363422,-76.6100482
,39.363423,-76.6100483
,39.3634251,-76.6100487
,39.363426,-76.6106444
,39.3634273,-76.6100492
,39.3634283,-76.6100495
,39.3634304,-76.6100501
,39.3634315,-76.6100505
,39.3634325,-76.6100509
,39.3634335,-76.6100513
,39.3634346,-76.6100517
,39.3634351,-76.6106816
,39.3634366,-76.6100526
,39.3634376,-76.6100531
,39.3634396,-76.6100541
,39.3634416,-76.6100553
,39.3634425,-76.6100559
,39.3634435,-76.6100565
,39.3634445,-76.6100572
,39.3634463,-76.6100585
,39.3634473,-76.6100592
,39.3634482,-76.6100599
,39.36345,-76.6100615
,39.3634509,-76.6100623
,39.3634518,-76.6100631
,39.3634543,-76.6100656
,39.3634551,-76.6100665
,39.363456,-76.6100674
,39.3634568,-76.6100683
,39.3634576,-76.6100693
,39.3634583,-76.6100702
,39.3634591,-76.6100712
,39.3634599,-76.6100722
,39.3634606,-76.6100732
,39.3634613,-76.6100742
,39.363462,-76.6100753
,39.3634634,-76.6100774
,39.3634641,-76.6100785
,39.3634647,-76.6100796
,39.3634654,-76.6100807
,39.363466,-76.6100818
,39.3634666,-76.610083
,39.3634678,-76.6100853
,39.3634689,-76.6100877
,39.3634699,-76.6100901
,39.3634704,-76.6100914
,39.3634709,-76.6100926
,39.3634714,-76.6100939
,39.3634718,-76.6100951
,39.3634721,-76.6101289
,39.3634727,-76.6100977
,39.3635103,-76.6107082
,39.3635476,-76.61026
,39.3635582,-76.6102972
,39.3635724,-76.6103712
,39.363574,-76.6102513
,39.3635776,-76.6104205
,39.3635833,-76.6105805
,39.3635841,-76.6104178
,39.3635867,-76.6104809
,39.3635887,-76.6106159
,39.3635899,-76.6106772
,39.3635918,-76.6106146
,39.3635922,-76.6104786
,39.3635936,-76.6102844
,39.3635944,-76.6106387
,39.363596,-76.6105461
,39.3636024,-76.6105434
,39.3636026,-76.6105724
,39.3636113,-76.610355
,39.3636365,-76.6102509
,39.3636508,-76.6101273
